id_solicitud,edad_anios,antiguedad_laboral_anios,ingreso_mensual_usd,monto_solicitado_usd,plazo_meses,cuota_mensual_usd,cuota_ingreso,historial_crediticio,consultas_buro_12m,tiene_garantia,incumplio
SC-02061,36,13.4,1690.0,5960.0,24,344.08,0.2036,al dia,0,0,0
SC-00934,36,5.0,900.0,8640.0,36,441.03,0.49,sin historial,2,0,1
SC-00379,52,2.0,540.0,800.0,36,43.12,0.0799,con atrasos,2,0,0
SC-02755,42,2.6,780.0,1260.0,36,69.4,0.089,al dia,1,0,0
SC-00597,46,6.1,490.0,760.0,36,40.02,0.0817,al dia,1,0,0
SC-03497,42,2.0,560.0,1860.0,36,99.09,0.177,con atrasos,2,1,0
SC-02590,22,2.5,430.0,2760.0,48,154.61,0.3596,al dia,1,1,0
SC-00306,21,3.0,640.0,1220.0,24,72.46,0.1132,con atrasos,0,0,0
SC-01691,21,3.0,410.0,3420.0,18,239.14,0.5833,sin historial,6,0,1
SC-03396,22,4.0,970.0,2020.0,18,136.43,0.1406,al dia,1,0,0
SC-03598,43,3.6,740.0,6060.0,18,425.25,0.5747,al dia,2,0,1
SC-00644,44,3.9,1130.0,5230.0,18,362.0,0.3204,sin historial,1,0,0
SC-01931,26,7.6,580.0,4190.0,36,221.51,0.3819,con atrasos,3,0,0
SC-02484,25,7.0,510.0,550.0,18,38.79,0.0761,al dia,0,0,0
SC-02916,33,2.0,840.0,4670.0,24,279.97,0.3333,al dia,3,1,0
SC-00371,21,3.0,770.0,5530.0,60,360.33,0.468,sin historial,0,0,1
SC-02899,32,4.0,740.0,1480.0,24,87.29,0.118,al dia,1,1,0
SC-03682,31,9.9,650.0,1260.0,18,88.55,0.1362,sin historial,0,0,0
SC-03359,35,10.1,710.0,4000.0,24,240.63,0.3389,al dia,1,0,0
SC-00896,45,3.2,710.0,2130.0,36,113.07,0.1592,al dia,1,1,0
SC-03043,44,10.4,1250.0,6800.0,24,405.02,0.324,con atrasos,0,0,0
SC-00427,50,6.5,1130.0,19970.0,48,1123.6,0.85,con atrasos,3,1,1
SC-01272,54,3.1,1630.0,14060.0,18,961.79,0.5901,con atrasos,3,0,1
SC-00540,21,3.0,370.0,1260.0,24,75.99,0.2054,sin historial,1,0,0
SC-02076,43,4.3,690.0,6660.0,18,460.22,0.667,al dia,7,1,1
SC-00789,36,4.4,760.0,4460.0,36,237.56,0.3126,al dia,1,0,1
SC-00260,32,4.8,1390.0,8200.0,36,455.1,0.3274,al dia,3,0,0
SC-00533,52,4.3,1720.0,3570.0,36,192.41,0.1119,sin historial,1,0,1
SC-01124,41,0.6,660.0,2770.0,24,161.35,0.2445,sin historial,4,1,0
SC-02368,47,3.9,950.0,2350.0,24,134.02,0.1411,sin historial,1,0,0
SC-01397,43,4.3,600.0,4340.0,24,252.55,0.4209,con atrasos,6,1,1
SC-03142,47,0.4,1060.0,3110.0,24,178.03,0.168,con atrasos,0,1,0
SC-03003,42,2.6,700.0,3170.0,12,298.8,0.4269,con atrasos,1,1,1
SC-03275,32,14.0,650.0,3080.0,18,217.73,0.335,al dia,2,1,0
SC-02512,35,1.6,430.0,1040.0,36,54.64,0.1271,al dia,3,0,0
SC-01960,43,12.6,1980.0,4820.0,60,306.13,0.1546,sin historial,1,0,0
SC-02110,40,4.0,440.0,2550.0,12,238.4,0.5418,sin historial,4,1,0
SC-03643,57,2.8,880.0,2300.0,18,162.02,0.1841,sin historial,1,0,0
SC-03012,49,1.2,970.0,1700.0,18,117.82,0.1215,sin historial,1,0,0
SC-03780,60,8.9,660.0,1600.0,24,95.65,0.1449,al dia,3,1,0
SC-01137,45,6.3,560.0,2330.0,24,137.46,0.2455,sin historial,2,0,0
SC-03879,21,3.0,600.0,3590.0,12,340.25,0.5671,al dia,2,0,0
SC-01158,47,15.1,1410.0,6470.0,36,344.88,0.2446,al dia,2,0,0
SC-01724,42,7.0,1710.0,11680.0,60,733.67,0.429,con atrasos,3,1,0
SC-00534,41,4.5,910.0,3860.0,36,201.53,0.2215,al dia,2,1,0
SC-02753,42,1.0,630.0,2340.0,36,119.49,0.1897,al dia,2,0,1
SC-02820,53,2.9,1200.0,7940.0,24,468.56,0.3905,sin historial,3,1,0
SC-01598,36,1.6,1060.0,4480.0,36,235.31,0.222,al dia,2,1,0
SC-02479,29,11.0,980.0,12240.0,24,718.03,0.7327,al dia,1,0,1
SC-02145,34,2.9,650.0,5900.0,60,380.26,0.585,al dia,0,0,1
SC-02142,31,4.1,510.0,2200.0,18,152.77,0.2995,al dia,1,0,1
SC-03886,43,7.7,1140.0,3920.0,24,232.62,0.2041,al dia,3,1,1
SC-00984,21,3.0,580.0,5910.0,18,404.2,0.6969,sin historial,3,1,0
SC-01963,27,3.8,750.0,6220.0,18,425.46,0.5673,con atrasos,2,1,1
SC-01559,43,1.8,970.0,3330.0,12,316.55,0.3263,sin historial,1,0,0
SC-01996,44,6.5,1350.0,4280.0,18,292.82,0.2169,al dia,0,0,0
SC-01615,46,9.3,2210.0,8720.0,36,457.72,0.2071,sin historial,3,1,0
SC-03406,45,1.8,760.0,4570.0,18,316.22,0.4161,al dia,1,0,1
SC-03010,45,1.9,1150.0,2490.0,24,146.13,0.1271,con atrasos,2,0,0
SC-01399,32,3.2,1250.0,7000.0,36,369.29,0.2954,con atrasos,0,0,1
SC-01396,34,12.8,540.0,1800.0,12,168.46,0.312,al dia,1,1,0
SC-02491,62,5.6,830.0,4780.0,36,249.73,0.3009,al dia,1,0,0
SC-01601,40,4.6,1480.0,14440.0,48,826.45,0.5584,con atrasos,2,0,1
SC-00796,42,8.0,620.0,2600.0,36,140.5,0.2266,con atrasos,1,0,0
SC-00417,49,4.1,480.0,1700.0,24,100.51,0.2094,sin historial,1,0,1
SC-01135,37,2.3,530.0,5040.0,24,300.56,0.5671,sin historial,2,1,0
SC-01628,66,6.0,900.0,4930.0,36,260.3,0.2892,al dia,1,0,0
SC-02846,58,13.6,3500.0,14360.0,18,999.54,0.2856,al dia,1,0,0
SC-00842,49,9.9,920.0,2480.0,24,143.36,0.1558,al dia,2,0,0
SC-01084,44,2.9,360.0,6570.0,36,352.42,0.85,sin historial,3,0,1
SC-00220,33,2.4,810.0,2520.0,12,238.8,0.2948,sin historial,4,0,1
SC-00063,30,5.0,590.0,3640.0,24,214.63,0.3638,con atrasos,2,0,1
SC-02777,22,3.3,830.0,3770.0,24,223.44,0.2692,sin historial,0,0,1
SC-02379,42,7.7,990.0,3690.0,60,240.69,0.2431,al dia,2,0,0
SC-00963,45,17.6,3150.0,20090.0,18,1392.6,0.4421,al dia,2,1,0
SC-00341,35,4.5,740.0,1340.0,24,78.46,0.106,al dia,0,0,0
SC-01525,46,4.1,690.0,1060.0,36,55.11,0.0799,al dia,2,0,0
SC-02554,40,5.4,700.0,980.0,12,91.47,0.1307,sin historial,2,1,0
SC-02144,52,8.6,1070.0,3880.0,24,230.6,0.2155,al dia,5,1,0
SC-02066,46,6.3,1590.0,5390.0,24,309.13,0.1944,al dia,0,0,0
SC-03270,21,2.1,640.0,2090.0,12,191.73,0.2996,con atrasos,3,0,1
SC-00447,37,6.7,800.0,2650.0,18,187.82,0.2348,sin historial,3,0,1
SC-01087,57,2.6,610.0,1170.0,24,70.26,0.1152,con atrasos,6,0,1
SC-03668,30,1.2,530.0,2470.0,36,132.88,0.2507,sin historial,2,1,0
SC-01375,34,5.0,1090.0,8730.0,12,818.09,0.7505,con atrasos,3,1,0
SC-01937,35,6.0,780.0,5200.0,36,280.57,0.3597,al dia,2,0,0
SC-03153,38,2.7,510.0,1240.0,36,65.04,0.1275,sin historial,1,1,0
SC-02680,50,5.3,680.0,1420.0,12,133.36,0.1961,al dia,1,0,1
SC-00514,21,2.9,800.0,6230.0,60,407.69,0.5096,con atrasos,4,1,0
SC-01644,39,3.0,370.0,1240.0,24,73.39,0.1984,al dia,0,1,0
SC-03121,31,8.9,550.0,3340.0,24,199.42,0.3626,al dia,3,0,0
SC-03384,41,15.1,1070.0,6060.0,18,421.67,0.3941,al dia,1,0,0
SC-01773,48,8.7,530.0,2990.0,36,163.48,0.3084,al dia,2,0,0
SC-02020,44,11.4,1500.0,4580.0,48,260.63,0.1738,al dia,4,0,0
SC-00099,44,5.8,490.0,1270.0,48,70.34,0.1436,con atrasos,2,0,1
SC-02139,47,4.5,1150.0,5750.0,48,328.67,0.2858,con atrasos,1,0,1
SC-01600,43,6.8,650.0,750.0,24,43.48,0.0669,al dia,2,0,0
SC-00434,49,12.1,780.0,4400.0,18,299.49,0.384,al dia,1,1,0
SC-02155,43,2.4,670.0,1240.0,48,69.18,0.1032,al dia,0,1,0
SC-01537,21,3.0,810.0,3610.0,24,211.34,0.2609,sin historial,2,1,0
SC-02507,44,3.4,560.0,3090.0,36,163.04,0.2911,al dia,1,1,0
SC-00743,51,6.9,1210.0,3860.0,24,227.46,0.188,al dia,1,0,0
SC-03404,42,4.7,1020.0,6180.0,24,368.1,0.3609,al dia,0,1,0
SC-00758,37,0.6,650.0,6910.0,36,374.92,0.5768,al dia,2,0,0
SC-00593,29,4.2,1430.0,5640.0,36,306.64,0.2144,sin historial,4,0,1
SC-00604,36,1.8,580.0,710.0,36,37.39,0.0645,al dia,2,0,0
SC-01759,44,3.4,810.0,2420.0,24,140.74,0.1738,al dia,2,0,0
SC-00455,25,1.9,880.0,4500.0,24,259.26,0.2946,al dia,0,0,0
SC-03812,56,2.1,860.0,2800.0,36,146.82,0.1707,con atrasos,3,0,0
SC-00214,57,6.5,1350.0,9980.0,36,535.02,0.3963,al dia,1,1,0
SC-00936,38,8.3,1420.0,5130.0,12,486.88,0.3429,al dia,2,1,0
SC-02610,41,6.7,920.0,5880.0,24,341.27,0.3709,con atrasos,3,0,0
SC-01196,34,5.4,510.0,1470.0,18,103.86,0.2037,sin historial,2,0,0
SC-00700,39,8.2,1100.0,3750.0,24,217.88,0.1981,al dia,3,0,0
SC-02566,47,8.6,2700.0,10520.0,24,618.86,0.2292,al dia,0,0,0
SC-02367,31,2.9,1070.0,1950.0,48,111.13,0.1039,sin historial,1,0,0
SC-02644,44,1.5,1440.0,19470.0,18,1329.55,0.85,al dia,3,0,1
SC-00163,40,6.6,1530.0,3410.0,24,203.64,0.1331,al dia,2,0,0
SC-03987,44,2.1,1000.0,2320.0,12,219.77,0.2198,sin historial,1,1,0
SC-02099,31,2.1,370.0,1140.0,48,63.29,0.171,sin historial,1,1,0
SC-01309,31,1.5,260.0,1820.0,60,115.73,0.4451,con atrasos,0,0,1
SC-02371,25,5.8,360.0,1640.0,24,95.77,0.266,sin historial,5,1,0
SC-01831,53,3.5,770.0,2270.0,24,136.07,0.1767,al dia,1,1,0
SC-02438,21,3.0,650.0,2820.0,24,164.29,0.2528,con atrasos,1,0,0
SC-00673,21,3.0,490.0,1200.0,12,113.57,0.2318,al dia,4,1,0
SC-01846,21,3.0,1200.0,4270.0,36,231.02,0.1925,con atrasos,7,0,1
SC-01377,44,5.2,830.0,3170.0,36,167.28,0.2015,al dia,2,1,0
SC-01352,46,16.5,830.0,1730.0,18,118.87,0.1432,al dia,2,1,0
SC-03927,41,1.5,940.0,6500.0,36,367.75,0.3912,al dia,3,0,0
SC-00003,40,10.2,580.0,2580.0,24,151.69,0.2615,al dia,1,0,0
SC-01097,26,0.7,1130.0,3820.0,24,229.95,0.2035,al dia,3,0,0
SC-01581,59,1.0,560.0,1620.0,36,84.89,0.1516,al dia,1,0,0
SC-00319,35,2.4,750.0,1720.0,48,95.31,0.1271,al dia,4,0,0
SC-03617,55,11.9,1380.0,9860.0,60,637.6,0.462,al dia,6,0,1
SC-03314,53,7.6,930.0,1820.0,12,169.52,0.1823,al dia,2,0,0
SC-03207,36,1.2,800.0,5000.0,48,283.18,0.354,al dia,4,1,0
SC-03409,28,1.1,520.0,1990.0,12,186.71,0.359,sin historial,2,1,0
SC-02422,44,4.8,830.0,2660.0,18,185.88,0.224,al dia,2,0,0
SC-00276,21,2.9,260.0,890.0,36,48.65,0.1871,sin historial,1,1,0
SC-00950,55,8.5,2080.0,9440.0,48,538.09,0.2587,sin historial,2,0,0
SC-01832,26,3.4,1290.0,9820.0,12,927.35,0.7189,con atrasos,3,1,1
SC-01276,28,8.2,1410.0,3420.0,36,183.63,0.1302,al dia,3,0,0
SC-01423,27,8.3,840.0,8930.0,48,509.02,0.606,con atrasos,1,0,1
SC-02016,48,3.2,1330.0,8270.0,36,446.25,0.3355,con atrasos,2,0,0
SC-02388,52,3.6,780.0,2550.0,12,239.38,0.3069,al dia,2,0,1
SC-02877,37,0.8,460.0,1190.0,48,65.35,0.1421,al dia,4,0,0
SC-03548,41,6.6,1000.0,7740.0,36,418.66,0.4187,sin historial,4,1,1
SC-02320,30,10.4,860.0,8070.0,36,431.7,0.502,al dia,2,0,0
SC-02747,53,1.0,730.0,2720.0,24,159.65,0.2187,sin historial,4,1,0
SC-03095,39,6.0,860.0,2900.0,36,155.06,0.1803,al dia,1,0,0
SC-03803,38,8.6,650.0,2330.0,12,218.75,0.3365,al dia,0,1,0
SC-00547,27,5.5,700.0,6190.0,36,328.11,0.4687,al dia,4,0,1
SC-01645,33,0.7,720.0,3190.0,60,200.28,0.2782,sin historial,2,0,0
SC-03615,47,9.1,900.0,3330.0,36,179.68,0.1996,con atrasos,1,1,0
SC-01514,45,4.7,520.0,2330.0,36,123.51,0.2375,al dia,6,1,0
SC-00096,42,3.3,1400.0,2820.0,24,165.95,0.1185,al dia,1,0,0
SC-01109,31,8.2,750.0,2530.0,36,133.07,0.1774,sin historial,2,0,0
SC-00898,46,7.2,730.0,4650.0,12,439.15,0.6016,al dia,2,0,0
SC-01492,34,3.0,500.0,2690.0,24,159.91,0.3198,sin historial,1,1,1
SC-02669,56,1.4,970.0,3100.0,18,218.64,0.2254,sin historial,2,0,0
SC-00834,47,3.0,510.0,820.0,24,48.49,0.0951,al dia,1,0,0
SC-02319,25,1.7,310.0,1670.0,18,116.46,0.3757,al dia,1,0,0
SC-02333,26,8.0,670.0,1650.0,36,89.59,0.1337,al dia,2,0,0
SC-02357,38,2.9,390.0,1130.0,18,77.64,0.1991,con atrasos,4,0,1
SC-03831,42,3.2,430.0,1640.0,18,115.98,0.2697,al dia,1,0,0
SC-03566,43,2.8,1050.0,4370.0,48,244.71,0.2331,sin historial,2,1,0
SC-01794,21,3.0,430.0,950.0,24,56.24,0.1308,sin historial,2,0,0
SC-00747,26,8.0,400.0,1120.0,60,73.81,0.1845,al dia,1,0,0
SC-02858,50,2.7,660.0,770.0,36,42.65,0.0646,sin historial,0,0,0
SC-00579,37,6.7,670.0,10690.0,60,683.75,0.85,con atrasos,2,1,1
SC-03500,23,5.0,540.0,3160.0,24,184.91,0.3424,con atrasos,2,1,0
SC-01494,30,3.7,1000.0,4690.0,48,274.42,0.2744,al dia,2,1,0
SC-03224,42,1.6,570.0,1580.0,24,93.19,0.1635,con atrasos,2,1,0
SC-02203,32,2.9,1260.0,7860.0,18,549.47,0.4361,al dia,2,0,0
SC-00585,21,1.1,610.0,3900.0,36,208.07,0.3411,con atrasos,1,0,1
SC-01954,51,1.0,480.0,6090.0,18,424.3,0.85,sin historial,3,1,0
SC-01579,61,4.6,720.0,4780.0,24,282.13,0.3918,con atrasos,6,0,0
SC-00450,36,6.3,850.0,2900.0,12,267.83,0.3151,sin historial,2,1,0
SC-02766,38,13.4,1360.0,3760.0,24,220.69,0.1623,con atrasos,2,0,0
SC-02037,43,4.1,880.0,4040.0,60,257.12,0.2922,con atrasos,3,1,0
SC-00110,35,5.2,670.0,1080.0,18,75.77,0.1131,sin historial,4,0,0
SC-00790,34,6.6,400.0,1510.0,48,85.7,0.2142,sin historial,3,1,0
SC-01874,25,2.6,1230.0,2380.0,48,134.17,0.1091,al dia,1,1,0
SC-00439,31,1.7,330.0,2060.0,18,140.8,0.4267,al dia,2,1,0
SC-02297,39,9.1,1830.0,5680.0,36,297.71,0.1627,al dia,1,0,0
SC-00518,43,6.5,460.0,2990.0,24,172.02,0.374,con atrasos,1,0,0
SC-00263,51,7.3,1170.0,6070.0,24,346.02,0.2957,con atrasos,1,0,0
SC-03399,22,4.0,640.0,3400.0,36,182.39,0.285,con atrasos,2,0,0
SC-00421,21,3.0,330.0,1410.0,24,85.31,0.2585,sin historial,1,0,0
SC-00290,56,1.8,850.0,3130.0,48,181.42,0.2134,al dia,4,1,1
SC-02621,47,13.2,1860.0,19660.0,36,1040.46,0.5594,al dia,4,0,0
SC-03677,50,2.8,620.0,2710.0,24,159.38,0.2571,al dia,2,1,0
SC-02683,23,0.8,330.0,940.0,24,55.47,0.1681,sin historial,0,0,0
SC-00853,27,4.4,670.0,1740.0,48,99.64,0.1487,al dia,3,0,0
SC-02652,38,3.8,1080.0,4370.0,12,411.09,0.3806,con atrasos,4,0,1
SC-00591,21,3.0,760.0,4800.0,24,282.67,0.3719,sin historial,1,1,0
SC-03699,21,3.0,600.0,7140.0,24,418.34,0.6972,al dia,5,0,1
SC-00052,45,3.5,630.0,6070.0,36,332.47,0.5277,al dia,3,0,0
SC-03858,46,2.1,700.0,2270.0,18,156.68,0.2238,sin historial,1,1,0
SC-00413,47,6.7,640.0,2270.0,36,125.41,0.196,al dia,5,0,0
SC-01211,40,3.5,1030.0,6110.0,24,356.16,0.3458,al dia,2,1,0
SC-00480,36,2.0,940.0,6150.0,24,358.93,0.3818,al dia,1,0,0
SC-02627,29,11.0,940.0,4380.0,48,250.75,0.2668,con atrasos,3,0,0
SC-03611,65,6.0,1020.0,1610.0,36,86.48,0.0848,al dia,0,1,0
SC-01458,24,6.0,470.0,1410.0,24,84.05,0.1788,al dia,0,0,0
SC-01980,55,6.9,570.0,1200.0,18,83.42,0.1463,al dia,2,1,0
SC-01719,29,5.3,630.0,3560.0,18,244.84,0.3886,con atrasos,3,0,1
SC-01278,53,4.4,1020.0,5790.0,24,332.41,0.3259,al dia,2,1,1
SC-00329,60,3.8,1090.0,2180.0,24,127.79,0.1172,sin historial,2,0,0
SC-00714,34,7.4,1440.0,6610.0,12,625.21,0.4342,al dia,0,0,1
SC-00035,50,5.3,750.0,7350.0,12,688.81,0.85,sin historial,2,1,1
SC-01245,47,6.0,770.0,2210.0,36,116.55,0.1514,al dia,1,0,0
SC-03113,22,1.5,500.0,940.0,36,49.09,0.0982,sin historial,2,0,0
SC-02831,40,3.4,1650.0,5720.0,18,396.33,0.2402,sin historial,1,0,0
SC-01348,45,12.4,910.0,2120.0,36,113.71,0.125,con atrasos,1,1,0
SC-00616,40,11.2,1200.0,2340.0,18,160.74,0.1339,sin historial,2,0,1
SC-00737,31,5.0,690.0,2600.0,24,152.17,0.2205,al dia,3,0,0
SC-01603,31,2.5,1290.0,3170.0,60,201.01,0.1558,al dia,4,1,0
SC-00195,50,3.7,760.0,2830.0,36,150.26,0.1977,sin historial,1,0,0
SC-02808,40,13.5,720.0,2740.0,18,194.24,0.2698,al dia,4,0,0
SC-03957,23,5.0,1030.0,3310.0,24,197.78,0.192,con atrasos,3,0,0
SC-00774,30,8.0,470.0,1840.0,18,125.9,0.2679,al dia,2,1,0
SC-00541,38,8.3,470.0,1880.0,36,98.52,0.2096,con atrasos,3,1,0
SC-03909,33,3.7,550.0,5910.0,36,316.9,0.5762,al dia,1,0,1
SC-02166,21,2.3,600.0,1770.0,36,96.82,0.1614,sin historial,2,1,0
SC-02950,21,3.0,510.0,3240.0,24,187.54,0.3677,al dia,5,0,0
SC-01817,37,2.4,770.0,9750.0,18,673.41,0.85,sin historial,1,1,1
SC-03326,36,5.0,1310.0,4070.0,24,246.26,0.188,al dia,1,0,0
SC-02836,33,6.3,680.0,3730.0,24,218.08,0.3207,al dia,2,0,0
SC-03200,48,22.6,2590.0,5350.0,36,285.44,0.1102,al dia,3,1,0
SC-03685,29,7.3,550.0,3620.0,36,191.77,0.3487,sin historial,4,0,0
SC-02223,41,13.3,1400.0,9160.0,12,847.02,0.605,al dia,2,1,0
SC-03991,54,8.5,1100.0,2190.0,36,119.57,0.1087,al dia,0,1,0
SC-03885,45,1.0,840.0,2280.0,18,157.57,0.1876,al dia,0,1,0
SC-00528,39,11.3,1330.0,1740.0,60,112.43,0.0845,al dia,4,0,0
SC-00088,49,5.0,1670.0,6480.0,24,388.45,0.2326,con atrasos,0,0,0
SC-03261,32,12.8,880.0,4100.0,24,243.75,0.277,al dia,1,0,0
SC-02932,46,6.8,990.0,6710.0,18,469.8,0.4745,al dia,3,1,1
SC-01252,45,1.9,1870.0,9550.0,24,567.07,0.3032,al dia,1,1,0
SC-03149,41,3.3,780.0,2660.0,18,184.42,0.2364,sin historial,1,0,0
SC-00415,21,1.8,720.0,2960.0,24,172.23,0.2392,al dia,2,1,0
SC-03966,33,2.7,660.0,1620.0,48,93.15,0.1411,con atrasos,1,0,0
SC-02951,22,2.6,850.0,4390.0,18,302.09,0.3554,sin historial,2,1,1
SC-01983,50,10.8,1580.0,11080.0,12,1035.82,0.6556,al dia,1,0,1
SC-02615,37,4.9,650.0,2100.0,36,110.37,0.1698,al dia,4,0,0
SC-03950,35,0.9,940.0,1590.0,60,101.2,0.1077,sin historial,1,0,0
SC-00928,31,5.9,980.0,4450.0,60,272.4,0.278,con atrasos,3,0,0
SC-00654,44,1.0,950.0,6340.0,60,418.65,0.4407,con atrasos,3,1,1
SC-00893,30,4.6,460.0,1060.0,60,66.77,0.1451,al dia,3,1,0
SC-01257,29,1.1,1240.0,4730.0,48,267.08,0.2154,sin historial,1,1,0
SC-00962,21,3.0,1480.0,3160.0,24,182.33,0.1232,al dia,1,1,0
SC-02912,21,1.8,950.0,2650.0,48,145.9,0.1536,con atrasos,1,0,0
SC-03489,52,4.0,1180.0,4120.0,24,245.22,0.2078,al dia,2,0,0
SC-03944,42,3.0,1030.0,8550.0,36,451.33,0.4382,al dia,2,0,1
SC-01845,22,4.0,750.0,12420.0,48,712.64,0.85,al dia,3,1,1
SC-01307,38,1.7,1450.0,2230.0,48,128.36,0.0885,con atrasos,1,1,0
SC-02931,59,2.4,2190.0,17810.0,24,1030.59,0.4706,al dia,3,0,0
SC-03177,39,5.9,990.0,3130.0,48,175.09,0.1769,con atrasos,0,0,0
SC-03111,25,7.0,820.0,3160.0,36,159.86,0.1949,al dia,3,0,0
SC-03970,27,2.3,1140.0,3120.0,48,174.66,0.1532,con atrasos,0,0,0
SC-02135,31,2.1,740.0,2560.0,24,152.15,0.2056,sin historial,0,0,0
SC-03592,30,10.4,930.0,3740.0,12,349.87,0.3762,al dia,1,1,0
SC-00872,35,2.2,280.0,500.0,36,27.24,0.0973,al dia,1,1,0
SC-00652,71,4.0,870.0,1450.0,24,83.33,0.0958,con atrasos,4,0,0
SC-01223,35,7.2,1220.0,7000.0,18,491.65,0.403,al dia,6,1,0
SC-02990,34,7.2,950.0,730.0,36,38.39,0.0404,sin historial,2,0,1
SC-03622,27,4.4,620.0,2560.0,24,147.54,0.238,sin historial,1,1,1
SC-00653,21,3.0,1220.0,5090.0,36,272.36,0.2232,al dia,0,1,1
SC-01562,50,6.0,740.0,3190.0,18,223.44,0.302,sin historial,0,0,0
SC-02268,38,5.3,1010.0,2210.0,36,119.84,0.1187,sin historial,0,0,0
SC-02221,40,4.2,610.0,5580.0,48,318.09,0.5215,sin historial,1,0,0
SC-03880,40,8.6,700.0,10020.0,36,544.98,0.7785,al dia,6,1,1
SC-03137,40,1.8,510.0,1170.0,48,66.36,0.1301,sin historial,1,1,0
SC-02888,26,2.2,780.0,4970.0,48,289.27,0.3709,con atrasos,3,1,1
SC-01696,47,8.9,680.0,1080.0,12,102.04,0.1501,al dia,1,0,0
SC-03553,46,3.5,610.0,5150.0,36,269.68,0.4421,sin historial,2,1,0
SC-00641,26,4.5,720.0,4150.0,24,240.17,0.3336,al dia,2,1,0
SC-00869,33,5.8,950.0,4700.0,60,306.22,0.3223,con atrasos,1,1,0
SC-01424,45,1.6,600.0,1570.0,60,98.19,0.1636,con atrasos,5,1,1
SC-01314,40,10.9,1580.0,5190.0,48,290.89,0.1841,al dia,0,0,0
SC-00326,27,6.1,1020.0,2750.0,36,148.94,0.146,al dia,2,1,0
SC-02911,52,9.1,1290.0,8940.0,18,611.42,0.474,sin historial,1,0,0
SC-00493,60,0.6,1820.0,5990.0,18,424.38,0.2332,al dia,1,1,0
SC-01141,37,6.5,1030.0,4740.0,48,268.47,0.2606,con atrasos,0,0,0
SC-03733,36,2.1,1370.0,5770.0,60,390.1,0.2847,al dia,2,1,0
SC-03086,41,3.4,790.0,2760.0,60,178.17,0.2255,al dia,2,0,0
SC-00730,30,0.6,1000.0,4330.0,60,280.04,0.28,sin historial,4,0,1
SC-03390,39,1.1,800.0,3810.0,36,200.06,0.2501,sin historial,2,0,0
SC-00076,47,7.4,1010.0,9750.0,36,515.0,0.5099,con atrasos,1,0,1
SC-02958,46,7.9,670.0,1300.0,60,81.63,0.1218,sin historial,0,0,0
SC-03214,40,1.8,420.0,830.0,48,47.15,0.1123,sin historial,2,1,0
SC-03720,25,7.0,850.0,1870.0,36,98.39,0.1158,al dia,4,0,0
SC-02955,43,1.0,680.0,2730.0,24,157.84,0.2321,al dia,2,0,0
SC-00728,39,5.0,1380.0,3260.0,48,186.54,0.1352,al dia,2,0,0
SC-00671,36,4.7,510.0,3520.0,36,191.07,0.3747,al dia,1,1,0
SC-01063,51,8.3,1080.0,4510.0,48,260.15,0.2409,con atrasos,1,0,0
SC-03097,45,2.3,820.0,1290.0,60,85.92,0.1048,al dia,1,0,0
SC-02005,49,5.1,1150.0,5140.0,48,298.09,0.2592,sin historial,1,0,0
SC-00663,32,4.9,530.0,2800.0,36,151.8,0.2864,al dia,5,0,0
SC-00197,29,1.8,360.0,1090.0,24,65.71,0.1825,al dia,2,0,1
SC-00972,26,8.0,530.0,920.0,36,48.77,0.092,al dia,2,1,0
SC-00980,49,1.1,1350.0,2620.0,48,147.42,0.1092,al dia,2,0,0
SC-02522,53,4.1,770.0,5830.0,36,314.39,0.4083,sin historial,1,1,1
SC-02222,21,3.0,590.0,1800.0,36,99.89,0.1693,al dia,1,0,1
SC-03905,52,3.0,1080.0,5580.0,24,337.08,0.3121,con atrasos,0,1,1
SC-02107,27,1.5,1190.0,10280.0,60,672.76,0.5653,al dia,3,1,1
SC-01542,21,3.0,460.0,620.0,24,37.03,0.0805,al dia,0,1,0
SC-01527,28,5.4,960.0,1780.0,36,93.25,0.0971,con atrasos,4,0,0
SC-01959,25,3.9,1090.0,2500.0,48,138.71,0.1273,sin historial,2,1,1
SC-03872,44,5.7,940.0,10110.0,24,574.39,0.6111,con atrasos,1,1,1
SC-03580,35,9.6,930.0,5800.0,36,311.98,0.3355,con atrasos,1,1,0
SC-03996,40,6.1,1800.0,15910.0,24,948.62,0.527,con atrasos,5,0,1
SC-03308,58,3.4,1340.0,8700.0,36,444.39,0.3316,con atrasos,4,0,0
SC-03740,50,1.3,570.0,3320.0,24,187.99,0.3298,al dia,0,0,0
SC-00420,32,3.1,560.0,2300.0,12,216.75,0.3871,sin historial,3,1,0
SC-01496,35,4.8,420.0,1650.0,18,112.95,0.2689,sin historial,0,0,0
SC-02399,29,2.1,670.0,3440.0,24,209.14,0.3122,al dia,3,0,0
SC-02643,24,5.1,580.0,920.0,12,86.97,0.15,al dia,3,0,1
SC-03131,37,3.2,1000.0,5660.0,48,324.01,0.324,al dia,3,0,1
SC-00268,54,5.4,1070.0,1940.0,12,180.8,0.169,al dia,3,0,0
SC-00512,40,5.1,790.0,1420.0,48,78.78,0.0997,al dia,3,0,0
SC-00361,53,0.9,500.0,2280.0,36,120.26,0.2405,sin historial,0,0,0
SC-00940,21,3.0,670.0,3800.0,18,259.96,0.388,al dia,3,0,1
SC-02550,35,2.5,810.0,3010.0,36,161.02,0.1988,con atrasos,2,1,0
SC-00187,32,3.3,890.0,3560.0,36,190.05,0.2135,con atrasos,4,0,0
SC-02811,35,3.0,1000.0,6170.0,24,358.71,0.3587,al dia,1,1,0
SC-03007,40,6.2,790.0,6290.0,36,355.44,0.4499,al dia,1,0,0
SC-03827,52,0.4,1230.0,5620.0,48,324.74,0.264,con atrasos,4,0,1
SC-01142,54,2.5,600.0,1160.0,18,80.06,0.1334,con atrasos,0,0,0
SC-00859,31,5.6,690.0,7500.0,12,717.34,0.85,sin historial,4,0,1
SC-02770,22,2.8,470.0,2700.0,36,143.73,0.3058,sin historial,1,0,0
SC-01443,47,12.9,1060.0,1180.0,12,111.66,0.1053,al dia,3,0,0
SC-01956,27,4.8,1280.0,1830.0,60,115.66,0.0904,sin historial,1,0,0
SC-00031,30,10.4,1970.0,5180.0,36,271.65,0.1379,al dia,3,0,0
SC-00884,24,3.2,560.0,4340.0,18,297.28,0.5309,sin historial,2,1,1
SC-01172,23,1.9,550.0,3370.0,36,177.26,0.3223,con atrasos,2,0,1
SC-03419,21,3.0,540.0,3630.0,12,338.44,0.6267,sin historial,1,0,1
SC-03840,43,5.5,1070.0,3830.0,36,199.13,0.1861,al dia,1,0,0
SC-02419,28,9.0,710.0,1990.0,60,122.75,0.1729,con atrasos,2,0,1
SC-02025,21,3.0,490.0,2500.0,18,175.11,0.3574,al dia,1,1,0
SC-00515,22,4.0,420.0,1910.0,36,105.48,0.2511,con atrasos,1,0,0
SC-00665,47,13.3,1950.0,11690.0,24,689.81,0.3537,al dia,2,0,0
SC-00188,56,3.7,690.0,2210.0,60,145.22,0.2105,sin historial,2,0,0
SC-00378,27,7.4,650.0,5920.0,24,358.21,0.5511,al dia,5,0,1
SC-00688,37,5.6,650.0,2660.0,24,154.24,0.2373,sin historial,2,1,0
SC-02212,47,3.1,1060.0,2140.0,36,112.65,0.1063,al dia,1,1,0
SC-00877,34,3.8,1180.0,7010.0,36,381.1,0.323,al dia,1,1,0
SC-02073,35,9.1,870.0,2980.0,48,167.99,0.1931,al dia,2,0,0
SC-02295,34,5.8,1150.0,7280.0,12,681.4,0.5925,al dia,6,0,1
SC-01875,28,2.4,1580.0,4520.0,24,271.41,0.1718,al dia,2,1,0
SC-00445,48,0.8,690.0,3920.0,36,214.2,0.3104,con atrasos,3,0,0
SC-02870,36,10.5,850.0,3450.0,48,192.24,0.2262,al dia,2,1,0
SC-02285,31,9.8,2000.0,5770.0,12,547.03,0.2735,al dia,3,1,0
SC-02906,45,2.6,380.0,1060.0,36,57.23,0.1506,con atrasos,3,0,0
SC-01415,34,5.2,1200.0,6180.0,24,360.81,0.3007,con atrasos,1,0,0
SC-03266,46,4.3,550.0,1870.0,24,111.01,0.2018,al dia,2,0,0
SC-01854,42,2.6,320.0,740.0,24,43.98,0.1374,sin historial,1,1,0
SC-03059,22,4.0,660.0,2190.0,24,128.38,0.1945,sin historial,1,1,0
SC-03696,29,8.2,1230.0,4910.0,24,286.63,0.233,al dia,0,0,0
SC-00513,50,4.3,1510.0,6050.0,60,398.66,0.264,sin historial,5,1,0
SC-00563,40,2.2,1480.0,5420.0,48,313.38,0.2117,sin historial,0,0,0
SC-03815,49,9.4,580.0,1950.0,24,115.3,0.1988,al dia,3,0,0
SC-03180,35,9.4,2370.0,8950.0,36,457.98,0.1932,al dia,6,0,0
SC-01277,23,3.2,500.0,710.0,18,49.59,0.0992,sin historial,1,0,0
SC-00122,21,3.0,480.0,3090.0,36,169.42,0.353,sin historial,2,0,1
SC-01051,23,4.7,750.0,3580.0,18,250.19,0.3336,al dia,3,0,1
SC-00132,42,10.4,1330.0,3080.0,36,164.87,0.124,con atrasos,3,1,0
SC-03435,46,7.1,1240.0,7990.0,48,442.3,0.3567,al dia,0,0,0
SC-03042,27,6.9,750.0,3380.0,24,201.7,0.2689,al dia,3,0,0
SC-02814,55,8.9,1330.0,2680.0,36,138.22,0.1039,al dia,1,0,0
SC-00116,50,4.1,1030.0,7820.0,36,417.36,0.4052,al dia,4,0,0
SC-01524,50,11.3,1910.0,4260.0,60,269.9,0.1413,al dia,3,1,0
SC-02207,36,6.7,830.0,2030.0,36,112.13,0.1351,con atrasos,0,0,0
SC-00125,38,4.7,1620.0,5750.0,12,540.62,0.3337,al dia,1,0,0
SC-00416,41,7.5,1300.0,4140.0,48,233.42,0.1796,al dia,4,0,0
SC-00532,25,7.0,710.0,1490.0,48,86.92,0.1224,sin historial,1,1,0
SC-03773,21,3.0,430.0,1770.0,36,90.98,0.2116,sin historial,0,0,0
SC-00071,24,3.4,710.0,4260.0,24,252.96,0.3563,con atrasos,1,1,0
SC-02674,49,2.2,630.0,1040.0,60,67.81,0.1076,con atrasos,0,0,0
SC-02826,23,5.0,540.0,3680.0,36,195.43,0.3619,sin historial,2,0,1
SC-00985,41,4.6,1120.0,8850.0,36,474.84,0.424,con atrasos,0,0,1
SC-02984,43,3.2,1120.0,3300.0,60,211.35,0.1887,al dia,0,0,0
SC-03763,39,7.6,1040.0,2740.0,24,163.64,0.1574,con atrasos,2,0,0
SC-01103,41,4.4,830.0,1160.0,12,110.34,0.1329,al dia,3,1,0
SC-01147,48,1.0,740.0,1220.0,36,65.25,0.0882,con atrasos,3,0,0
SC-02948,34,7.5,890.0,4370.0,36,228.83,0.2571,al dia,2,0,0
SC-01380,33,4.5,1020.0,960.0,36,49.66,0.0487,sin historial,1,1,0
SC-03347,29,11.0,1590.0,5810.0,60,370.19,0.2328,al dia,4,0,0
SC-00965,57,4.9,1070.0,2730.0,12,254.85,0.2382,con atrasos,1,0,1
SC-01988,27,5.0,490.0,1440.0,12,134.71,0.2749,sin historial,3,0,0
SC-00501,40,14.5,1310.0,2860.0,18,197.39,0.1507,con atrasos,2,0,0
SC-02404,26,4.1,590.0,1590.0,18,109.61,0.1858,sin historial,2,0,0
SC-01967,34,4.3,1260.0,2700.0,36,140.39,0.1114,con atrasos,2,0,0
SC-03963,46,7.7,850.0,2310.0,36,124.44,0.1464,al dia,1,1,0
SC-00639,54,4.4,1370.0,3260.0,36,167.46,0.1222,al dia,1,1,0
SC-03151,26,7.8,1320.0,3870.0,18,269.97,0.2045,al dia,2,1,0
SC-02160,43,3.3,1390.0,6030.0,24,342.04,0.2461,al dia,3,0,0
SC-02321,48,0.4,1440.0,3650.0,36,196.05,0.1361,sin historial,2,0,0
SC-01580,35,2.2,770.0,8630.0,48,483.86,0.6284,al dia,4,0,1
SC-01282,31,1.6,880.0,2630.0,24,152.6,0.1734,sin historial,3,1,0
SC-01543,59,2.3,920.0,6980.0,48,404.53,0.4397,al dia,0,0,0
SC-03001,46,12.1,1500.0,2820.0,12,263.16,0.1754,al dia,1,1,0
SC-03855,31,3.1,930.0,4420.0,48,249.95,0.2688,con atrasos,2,1,0
SC-01448,33,2.7,950.0,3110.0,24,182.98,0.1926,con atrasos,3,0,0
SC-02058,42,6.1,420.0,1250.0,48,68.95,0.1642,al dia,0,0,0
SC-03922,28,8.2,950.0,2980.0,36,157.14,0.1654,al dia,1,0,0
SC-03148,29,3.6,720.0,2010.0,24,116.25,0.1615,con atrasos,0,1,0
SC-03381,37,1.1,770.0,3560.0,12,329.63,0.4281,sin historial,1,0,0
SC-03584,42,2.8,1310.0,5030.0,60,329.77,0.2517,al dia,5,0,0
SC-02189,28,6.0,410.0,1440.0,36,78.09,0.1905,al dia,2,0,0
SC-00841,22,4.0,380.0,1380.0,12,129.39,0.3405,sin historial,2,0,0
SC-00475,34,3.3,560.0,790.0,24,46.58,0.0832,al dia,0,0,0
SC-01768,39,3.0,320.0,630.0,36,33.77,0.1055,sin historial,2,0,0
SC-03921,45,2.0,560.0,6170.0,18,427.04,0.7626,con atrasos,2,0,1
SC-00182,37,2.4,720.0,6600.0,36,354.02,0.4917,al dia,2,0,0
SC-03883,62,2.0,1390.0,3530.0,12,331.52,0.2385,al dia,2,0,0
SC-02520,49,3.2,250.0,1440.0,12,131.58,0.5263,sin historial,1,0,0
SC-00201,43,4.1,690.0,3320.0,18,228.76,0.3315,sin historial,0,0,1
SC-01871,39,8.8,1010.0,5320.0,60,350.82,0.3473,sin historial,4,0,1
SC-00719,46,11.5,1450.0,9140.0,48,489.93,0.3379,al dia,2,0,0
SC-03731,28,5.2,1120.0,7550.0,18,524.03,0.4679,sin historial,0,0,0
SC-02785,55,1.8,720.0,2560.0,36,140.09,0.1946,al dia,1,1,0
SC-00570,58,3.0,750.0,3660.0,36,194.74,0.2597,con atrasos,1,1,0
SC-02165,28,9.8,1110.0,5650.0,24,328.98,0.2964,al dia,3,1,0
SC-01540,31,3.5,600.0,2450.0,12,229.26,0.3821,al dia,2,0,0
SC-00565,47,16.4,3090.0,7100.0,60,438.82,0.142,al dia,0,0,0
SC-01901,37,3.7,850.0,1460.0,24,87.77,0.1033,al dia,3,1,0
SC-00359,37,7.7,670.0,2660.0,24,155.91,0.2327,al dia,3,1,0
SC-02060,58,8.6,1300.0,9890.0,18,693.7,0.5336,al dia,2,1,1
SC-02247,47,7.3,1890.0,9310.0,24,549.35,0.2907,al dia,3,1,0
SC-01189,45,7.4,560.0,4520.0,60,296.55,0.5296,sin historial,4,1,0
SC-01842,58,3.4,1590.0,6090.0,36,322.78,0.203,sin historial,1,1,0
SC-02971,40,3.3,380.0,2570.0,48,144.87,0.3812,sin historial,4,1,0
SC-03491,34,14.6,900.0,2300.0,24,134.51,0.1495,con atrasos,4,0,0
SC-01590,27,9.0,1000.0,2520.0,18,174.64,0.1746,con atrasos,1,1,0
SC-02306,38,3.5,660.0,660.0,24,38.62,0.0585,al dia,0,0,0
SC-02897,33,14.4,750.0,3560.0,24,209.11,0.2788,al dia,0,0,1
SC-02053,46,1.1,800.0,3990.0,18,281.08,0.3513,al dia,1,0,0
SC-02021,39,3.3,910.0,4700.0,48,260.0,0.2857,al dia,1,1,0
SC-01171,27,9.0,1430.0,2810.0,48,160.45,0.1122,al dia,1,0,0
SC-00692,64,4.9,1620.0,1920.0,36,104.22,0.0643,al dia,2,0,0
SC-03325,22,4.0,440.0,1560.0,36,83.56,0.1899,al dia,0,0,0
SC-00617,49,2.6,780.0,6050.0,12,576.23,0.7388,sin historial,1,1,1
SC-02596,54,1.0,560.0,1730.0,36,93.28,0.1666,con atrasos,3,0,0
SC-02694,23,3.0,590.0,2700.0,60,174.25,0.2953,con atrasos,4,0,1
SC-02092,21,2.5,740.0,1950.0,48,114.66,0.1549,al dia,2,0,0
SC-01114,39,1.1,550.0,2270.0,36,118.5,0.2155,con atrasos,1,1,0
SC-03455,21,3.0,1190.0,6550.0,12,623.93,0.5243,sin historial,1,0,1
SC-03448,32,3.0,500.0,1510.0,36,75.01,0.15,sin historial,4,0,0
SC-03538,31,5.3,1480.0,16780.0,60,1069.33,0.7225,al dia,1,0,1
SC-02444,54,7.4,810.0,3240.0,36,173.69,0.2144,con atrasos,2,0,0
SC-02738,34,0.6,770.0,4430.0,18,307.88,0.3998,al dia,2,0,0
SC-00929,21,3.0,680.0,3720.0,48,205.29,0.3019,sin historial,3,0,1
SC-03449,58,3.2,1290.0,8770.0,36,468.89,0.3635,con atrasos,1,0,0
SC-02606,44,2.6,1280.0,5690.0,24,324.58,0.2536,sin historial,3,0,0
SC-01382,32,4.3,800.0,4590.0,48,259.07,0.3238,con atrasos,5,0,1
SC-00401,37,10.6,780.0,1100.0,24,64.49,0.0827,al dia,3,1,0
SC-02218,27,3.8,640.0,2690.0,18,182.82,0.2856,al dia,0,1,0
SC-01532,42,2.9,660.0,1600.0,18,111.72,0.1693,sin historial,1,0,0
SC-00370,32,12.6,1530.0,1300.0,36,70.01,0.0458,al dia,0,0,0
SC-00457,21,3.0,460.0,1520.0,36,79.44,0.1727,sin historial,0,0,1
SC-02890,63,6.0,980.0,2450.0,60,156.59,0.1598,sin historial,2,0,0
SC-02197,29,8.5,840.0,3070.0,60,197.92,0.2356,al dia,2,0,0
SC-02216,47,2.6,400.0,1760.0,12,161.39,0.4035,sin historial,2,0,0
SC-00360,31,3.3,700.0,2380.0,12,222.18,0.3174,sin historial,2,0,0
SC-01777,43,5.8,870.0,4240.0,36,222.87,0.2562,sin historial,5,1,0
SC-00739,36,5.0,700.0,3750.0,18,258.53,0.3693,sin historial,1,1,0
SC-01620,21,2.9,800.0,2120.0,12,196.72,0.2459,sin historial,0,0,0
SC-03057,60,2.0,600.0,2070.0,36,110.87,0.1848,al dia,0,0,0
SC-02012,44,1.1,630.0,3530.0,24,207.32,0.3291,al dia,1,0,0
SC-03953,40,9.2,600.0,2660.0,18,185.98,0.31,sin historial,6,1,0
SC-00978,40,8.4,630.0,2750.0,18,192.62,0.3057,al dia,2,0,0
SC-03745,48,6.8,1490.0,4020.0,24,231.87,0.1556,al dia,2,0,1
SC-01992,27,6.2,640.0,900.0,24,51.49,0.0804,al dia,2,0,0
SC-01055,36,2.7,850.0,2820.0,18,195.11,0.2295,sin historial,2,0,0
SC-02277,36,2.3,640.0,4370.0,24,254.04,0.3969,sin historial,2,1,1
SC-02927,44,10.7,1300.0,9400.0,24,545.95,0.42,al dia,2,0,0
SC-03244,51,2.4,610.0,2080.0,24,121.9,0.1998,con atrasos,0,0,0
SC-00061,48,4.8,360.0,2590.0,36,143.34,0.3982,con atrasos,0,0,0
SC-01354,45,7.0,670.0,3020.0,36,155.73,0.2324,al dia,2,0,0
SC-00446,32,3.1,850.0,1890.0,24,114.01,0.1341,al dia,3,1,0
SC-03765,41,10.4,2340.0,10190.0,12,978.75,0.4183,con atrasos,2,1,0
SC-03256,42,3.8,1090.0,2420.0,24,139.98,0.1284,al dia,1,0,0
SC-02941,21,3.0,460.0,2210.0,24,126.64,0.2753,con atrasos,1,0,0
SC-03416,34,4.8,880.0,4330.0,36,226.28,0.2571,al dia,4,0,0
SC-02750,26,8.0,290.0,500.0,12,47.68,0.1644,al dia,1,1,0
SC-01539,41,3.7,740.0,2590.0,24,153.52,0.2075,con atrasos,1,0,0
SC-00837,60,8.3,1170.0,3600.0,60,226.46,0.1936,al dia,3,0,0
SC-00801,31,13.0,1390.0,3540.0,36,191.28,0.1376,al dia,1,0,0
SC-01786,42,17.4,1360.0,4770.0,12,445.07,0.3273,con atrasos,4,1,0
SC-02553,43,4.1,1020.0,5140.0,36,271.82,0.2665,al dia,3,1,1
SC-01451,43,2.6,1310.0,3670.0,36,193.51,0.1477,sin historial,2,0,0
SC-00441,34,12.3,770.0,3050.0,24,180.13,0.2339,con atrasos,2,0,0
SC-02289,48,1.3,700.0,5170.0,24,300.02,0.4286,con atrasos,5,0,0
SC-01435,40,8.1,1090.0,12000.0,36,628.95,0.577,con atrasos,2,0,1
SC-01356,31,5.5,560.0,3200.0,18,221.47,0.3955,al dia,1,1,0
SC-00376,46,3.9,930.0,3340.0,24,196.07,0.2108,sin historial,2,0,0
SC-01947,44,1.7,900.0,7130.0,48,413.55,0.4595,con atrasos,0,1,0
SC-03802,53,6.3,1650.0,8490.0,36,464.99,0.2818,al dia,1,0,0
SC-01550,48,2.2,330.0,1490.0,48,83.16,0.252,con atrasos,2,0,0
SC-02879,52,9.7,1590.0,4640.0,36,254.94,0.1603,sin historial,0,0,0
SC-02757,57,1.1,1660.0,4570.0,24,270.59,0.163,al dia,2,1,0
SC-02435,47,4.8,1600.0,5180.0,36,272.93,0.1706,al dia,3,0,0
SC-02235,66,5.2,710.0,2120.0,36,113.83,0.1603,con atrasos,0,1,0
SC-03658,28,6.1,620.0,1090.0,48,61.21,0.0987,al dia,0,0,0
SC-00669,45,7.8,940.0,3800.0,12,354.96,0.3776,al dia,2,0,0
SC-01230,36,16.1,1740.0,6320.0,12,603.36,0.3468,al dia,4,0,0
SC-02634,46,2.4,630.0,1300.0,36,69.12,0.1097,sin historial,1,0,0
SC-01414,58,11.6,1060.0,6660.0,24,397.78,0.3753,al dia,1,0,0
SC-01335,41,1.0,1310.0,7540.0,36,400.45,0.3057,con atrasos,2,1,1
SC-01083,31,6.8,680.0,1150.0,24,67.6,0.0994,sin historial,1,0,0
SC-02159,52,5.8,710.0,6070.0,60,381.09,0.5367,con atrasos,4,1,0
SC-01885,38,14.1,1320.0,6280.0,36,329.37,0.2495,al dia,3,0,0
SC-02213,25,1.7,1560.0,6650.0,36,342.07,0.2193,al dia,2,1,0
SC-00855,43,6.6,1130.0,13780.0,24,800.63,0.7085,al dia,3,0,1
SC-02728,63,5.5,1150.0,2900.0,18,199.36,0.1734,al dia,5,1,0
SC-03302,40,3.5,800.0,8450.0,18,601.39,0.7517,al dia,1,0,1
SC-00137,41,5.3,500.0,1990.0,18,139.36,0.2787,al dia,0,0,0
SC-02426,42,5.8,980.0,4330.0,24,251.79,0.2569,al dia,2,1,0
SC-02169,28,1.9,830.0,5890.0,36,316.83,0.3817,al dia,2,0,0
SC-00191,39,6.1,1630.0,9720.0,36,521.6,0.32,al dia,2,0,0
SC-00573,42,7.1,1340.0,3180.0,24,186.32,0.139,con atrasos,2,1,0
SC-01781,39,6.8,460.0,1630.0,24,97.62,0.2122,al dia,0,0,0
SC-03537,29,11.0,990.0,5140.0,48,274.19,0.277,al dia,1,0,1
SC-03807,57,6.0,1260.0,5010.0,18,349.92,0.2777,al dia,1,1,0
SC-00126,34,3.3,620.0,1940.0,24,114.17,0.1841,al dia,1,0,0
SC-02494,26,8.0,490.0,1480.0,36,79.08,0.1614,sin historial,1,0,0
SC-01813,51,7.1,1520.0,3580.0,12,340.67,0.2241,con atrasos,2,0,0
SC-02697,39,2.2,1070.0,3420.0,24,208.55,0.1949,con atrasos,1,0,1
SC-03422,28,10.0,1290.0,4700.0,24,280.41,0.2174,al dia,1,0,0
SC-01388,29,1.7,570.0,2500.0,60,155.54,0.2729,sin historial,2,0,0
SC-03272,24,6.0,790.0,2290.0,48,125.35,0.1587,al dia,4,0,0
SC-00738,52,2.4,1300.0,2790.0,36,145.46,0.1119,al dia,1,1,0
SC-02730,44,11.8,1080.0,2280.0,12,212.34,0.1966,al dia,2,1,0
SC-00135,45,2.8,750.0,1250.0,48,69.77,0.093,al dia,1,0,0
SC-01907,48,1.5,620.0,1810.0,36,98.53,0.1589,sin historial,3,0,0
SC-00733,44,2.4,440.0,2060.0,24,118.91,0.2702,con atrasos,4,0,0
SC-03768,27,9.0,930.0,1180.0,18,82.11,0.0883,al dia,1,0,0
SC-00508,23,2.7,500.0,3550.0,48,200.42,0.4008,con atrasos,2,0,0
SC-00904,42,3.7,1080.0,4870.0,48,273.98,0.2537,sin historial,1,0,0
SC-00245,52,2.8,730.0,1520.0,12,142.03,0.1946,sin historial,1,0,0
SC-00706,24,5.5,730.0,870.0,24,51.31,0.0703,al dia,1,1,0
SC-03156,22,3.5,380.0,1000.0,48,54.13,0.1424,sin historial,3,1,0
SC-03174,29,5.3,500.0,3100.0,18,216.42,0.4328,al dia,1,0,1
SC-01731,49,1.0,560.0,3800.0,18,263.23,0.47,con atrasos,3,0,1
SC-02805,47,6.4,1330.0,3680.0,24,217.91,0.1638,al dia,4,1,0
SC-02498,38,2.4,410.0,1240.0,36,64.58,0.1575,al dia,1,1,0
SC-02365,50,3.9,820.0,3580.0,48,202.25,0.2466,al dia,1,1,0
SC-01413,40,0.5,1010.0,1610.0,48,93.71,0.0928,sin historial,1,0,0
SC-03627,65,5.8,1510.0,7890.0,48,442.45,0.293,al dia,5,0,0
SC-01484,21,3.0,590.0,3530.0,18,236.95,0.4016,sin historial,1,0,0
SC-01733,31,7.1,630.0,5650.0,60,362.59,0.5755,al dia,2,1,0
SC-01263,36,4.1,940.0,1750.0,12,164.75,0.1753,sin historial,4,0,0
SC-03038,32,11.1,1000.0,3490.0,12,330.7,0.3307,al dia,1,0,1
SC-00890,37,6.1,1070.0,7380.0,60,464.14,0.4338,al dia,2,0,0
SC-01898,30,3.6,1070.0,4850.0,36,262.46,0.2453,sin historial,1,0,0
SC-01911,44,2.1,2220.0,11690.0,18,818.86,0.3689,sin historial,4,0,0
SC-02887,22,1.6,630.0,2010.0,12,186.58,0.2962,al dia,3,0,0
SC-01906,44,1.1,440.0,4490.0,36,235.84,0.536,al dia,4,0,1
SC-00741,35,3.4,580.0,6790.0,36,362.6,0.6252,sin historial,3,0,0
SC-01546,51,4.7,1280.0,3690.0,12,346.65,0.2708,sin historial,3,1,0
SC-00010,63,4.7,1220.0,3450.0,36,187.25,0.1535,sin historial,3,1,0
SC-03297,52,4.5,1000.0,3040.0,36,161.59,0.1616,con atrasos,1,0,0
SC-03016,43,2.7,2230.0,2240.0,24,130.34,0.0584,al dia,1,0,0
SC-01298,48,4.5,490.0,5120.0,24,301.41,0.6151,con atrasos,2,0,1
SC-01003,44,6.6,1220.0,13630.0,24,796.84,0.6531,con atrasos,4,1,1
SC-03172,32,2.2,540.0,1800.0,24,108.88,0.2016,sin historial,2,0,0
SC-03683,45,3.9,1010.0,2050.0,36,108.97,0.1079,al dia,3,1,0
SC-02254,23,5.0,450.0,2340.0,60,152.07,0.3379,al dia,5,1,1
SC-02544,49,2.4,1280.0,5140.0,18,365.47,0.2855,al dia,0,1,0
SC-00702,25,6.3,310.0,570.0,18,39.12,0.1262,al dia,5,0,0
SC-03201,39,1.4,600.0,3000.0,24,175.94,0.2932,sin historial,1,1,0
SC-02792,36,1.4,450.0,1980.0,48,112.89,0.2509,sin historial,1,0,1
SC-01123,34,5.3,710.0,2000.0,36,109.61,0.1544,al dia,2,0,0
SC-00207,37,5.3,1110.0,3450.0,60,219.51,0.1978,al dia,0,0,0
SC-00695,38,3.8,1140.0,3510.0,18,239.98,0.2105,sin historial,1,0,0
SC-00685,30,1.6,990.0,3860.0,60,246.66,0.2492,con atrasos,2,1,0
SC-01456,39,2.1,630.0,3160.0,48,177.75,0.2821,sin historial,1,0,0
SC-02511,56,5.2,2280.0,7510.0,12,715.52,0.3138,al dia,3,0,0
SC-03701,32,14.0,700.0,2790.0,24,164.55,0.2351,al dia,0,0,0
SC-01016,42,2.7,300.0,1370.0,48,80.1,0.267,sin historial,1,0,0
SC-03791,69,7.0,720.0,2000.0,60,130.93,0.1818,al dia,3,0,0
SC-00548,52,1.9,1060.0,4930.0,12,462.38,0.4362,al dia,1,0,0
SC-02986,51,5.3,1790.0,3350.0,36,172.66,0.0965,con atrasos,1,1,0
SC-01236,51,4.7,710.0,2540.0,60,163.09,0.2297,sin historial,1,0,0
SC-00572,23,5.0,630.0,2330.0,60,145.91,0.2316,al dia,1,1,0
SC-02228,27,9.0,930.0,3200.0,48,175.31,0.1885,al dia,1,0,0
SC-03120,51,2.7,740.0,3790.0,18,261.01,0.3527,sin historial,2,1,1
SC-02937,63,1.5,1220.0,1610.0,24,94.71,0.0776,sin historial,1,0,0
SC-03684,60,7.4,1480.0,5380.0,36,292.1,0.1974,al dia,3,0,0
SC-00297,46,3.7,850.0,3130.0,36,176.02,0.2071,sin historial,3,0,1
SC-00638,35,1.5,590.0,2650.0,24,157.08,0.2662,sin historial,3,0,1
SC-03475,39,1.8,420.0,1440.0,48,82.29,0.1959,con atrasos,2,0,1
SC-02540,36,0.9,940.0,3680.0,60,238.66,0.2539,sin historial,7,0,1
SC-02168,37,13.3,580.0,3000.0,18,208.86,0.3601,al dia,2,0,0
SC-03072,53,4.6,820.0,1540.0,48,85.21,0.1039,al dia,2,0,0
SC-00659,31,8.4,440.0,1280.0,18,89.2,0.2027,al dia,2,0,0
SC-03943,47,4.0,1580.0,4580.0,18,317.33,0.2008,al dia,0,0,0
SC-00189,31,5.0,1450.0,9050.0,60,596.11,0.4111,sin historial,3,0,0
SC-00633,27,7.0,760.0,1550.0,18,107.66,0.1417,al dia,1,1,0
SC-03318,21,3.0,640.0,3500.0,36,187.95,0.2937,al dia,0,1,0
SC-03847,54,4.0,1440.0,30820.0,12,2960.39,0.85,con atrasos,4,0,1
SC-02264,34,1.1,250.0,1140.0,36,62.65,0.2506,al dia,3,1,0
SC-00581,35,3.2,860.0,2400.0,60,152.85,0.1777,sin historial,2,1,0
SC-03415,24,6.0,590.0,2020.0,36,105.52,0.1789,al dia,3,0,0
SC-00232,41,15.8,1630.0,9730.0,36,522.27,0.3204,al dia,0,0,0
SC-03593,53,3.5,1800.0,21970.0,24,1307.94,0.7266,al dia,0,1,0
SC-01241,39,7.8,730.0,3240.0,36,175.39,0.2403,al dia,1,0,0
SC-03522,28,2.2,420.0,2540.0,48,151.01,0.3596,sin historial,2,0,0
SC-02403,30,3.1,1620.0,4880.0,48,273.8,0.169,sin historial,0,0,0
SC-01262,29,3.4,770.0,2380.0,24,142.97,0.1857,con atrasos,0,0,0
SC-03901,52,3.3,1530.0,7160.0,24,416.69,0.2723,sin historial,3,0,0
SC-01990,48,10.9,820.0,8490.0,48,459.16,0.5599,sin historial,3,1,0
SC-00749,37,9.0,850.0,8460.0,18,596.64,0.7019,con atrasos,4,0,1
SC-01893,24,5.3,620.0,1320.0,12,122.89,0.1982,al dia,0,1,0
SC-02464,57,5.8,870.0,3490.0,36,186.88,0.2148,al dia,2,0,0
SC-01565,33,6.6,1110.0,4030.0,24,237.4,0.2139,al dia,2,0,1
SC-00979,37,13.6,510.0,3100.0,36,164.73,0.323,con atrasos,1,0,0
SC-01459,51,15.2,1810.0,5040.0,48,286.87,0.1585,al dia,1,0,0
SC-00721,37,0.2,530.0,590.0,12,54.46,0.1028,sin historial,1,0,0
SC-03470,21,3.0,330.0,820.0,24,48.53,0.1471,sin historial,1,1,0
SC-03100,33,11.3,2260.0,4620.0,36,249.2,0.1103,al dia,1,0,0
SC-03823,42,1.9,360.0,1570.0,48,88.16,0.2449,sin historial,2,1,0
SC-03583,36,2.3,1050.0,1890.0,18,130.56,0.1243,al dia,0,0,0
SC-01548,31,2.5,600.0,1760.0,24,105.08,0.1751,al dia,1,0,0
SC-00362,47,1.5,650.0,3010.0,36,161.55,0.2485,al dia,2,0,0
SC-02957,49,10.6,990.0,1630.0,48,91.12,0.092,al dia,0,1,0
SC-02855,24,6.0,370.0,2930.0,48,169.43,0.4579,sin historial,1,0,0
SC-01444,43,9.0,1370.0,5610.0,36,294.01,0.2146,sin historial,1,0,1
SC-01464,45,2.7,430.0,3140.0,36,173.27,0.403,sin historial,4,0,1
SC-01009,42,1.7,570.0,4100.0,12,379.68,0.6661,sin historial,7,0,1
SC-03895,42,12.9,1020.0,4400.0,48,251.37,0.2464,con atrasos,0,0,0
SC-00194,40,2.0,1270.0,6660.0,36,364.7,0.2872,sin historial,2,1,0
SC-02062,28,10.0,580.0,5620.0,24,332.5,0.5733,al dia,5,0,1
SC-00736,35,8.7,740.0,4860.0,24,284.52,0.3845,al dia,2,0,0
SC-01902,46,4.9,450.0,1320.0,60,82.75,0.1839,al dia,3,0,1
SC-00986,39,1.6,410.0,3520.0,24,209.77,0.5116,sin historial,2,0,1
SC-01488,31,3.0,450.0,1640.0,48,90.45,0.201,al dia,1,1,0
SC-00128,23,5.0,740.0,1510.0,36,78.73,0.1064,al dia,1,0,0
SC-02387,34,16.0,940.0,2240.0,36,121.82,0.1296,al dia,3,0,0
SC-00228,28,2.7,1030.0,4900.0,24,290.89,0.2824,sin historial,2,0,0
SC-03498,33,1.8,930.0,4440.0,12,419.05,0.4506,sin historial,1,1,0
SC-01676,29,4.3,730.0,3030.0,24,180.31,0.247,al dia,4,0,0
SC-01041,38,5.2,1040.0,12540.0,24,701.84,0.6749,al dia,2,0,0
SC-02714,44,1.0,480.0,1650.0,24,99.38,0.207,sin historial,2,0,0
SC-01243,49,2.8,810.0,4360.0,48,249.68,0.3083,al dia,2,1,1
SC-02654,37,9.2,1370.0,12330.0,36,669.63,0.4888,sin historial,4,1,1
SC-02796,46,7.1,620.0,1440.0,48,83.28,0.1343,al dia,0,1,0
SC-02428,45,6.5,1410.0,5380.0,36,284.84,0.202,al dia,0,0,0
SC-00179,57,1.0,680.0,6260.0,24,373.39,0.5491,sin historial,1,0,0
SC-01168,51,4.2,3810.0,9450.0,12,877.24,0.2302,al dia,3,0,0
SC-01588,48,5.5,970.0,2540.0,24,147.36,0.1519,al dia,1,1,0
SC-02797,21,3.0,330.0,1290.0,36,68.23,0.2068,al dia,3,0,0
SC-02355,39,8.3,790.0,1760.0,18,122.68,0.1553,sin historial,3,0,0
SC-02007,23,0.5,240.0,1690.0,24,96.83,0.4034,al dia,3,0,0
SC-02780,45,4.4,1600.0,5120.0,24,310.09,0.1938,al dia,2,1,0
SC-00668,42,2.9,700.0,4440.0,36,241.95,0.3456,sin historial,1,0,1
SC-01167,43,6.1,1530.0,3000.0,36,156.89,0.1025,al dia,1,0,0
SC-00562,48,5.4,1250.0,2470.0,24,142.31,0.1138,al dia,1,0,0
SC-02194,22,4.0,1060.0,3840.0,24,229.79,0.2168,sin historial,5,0,1
SC-01378,43,4.9,1480.0,6440.0,36,334.71,0.2262,con atrasos,1,0,0
SC-03393,29,10.0,870.0,3920.0,12,368.49,0.4236,con atrasos,5,0,0
SC-00080,45,9.8,890.0,3590.0,18,249.53,0.2804,con atrasos,1,0,0
SC-02200,25,2.1,790.0,4290.0,48,243.0,0.3076,con atrasos,2,0,0
SC-00428,21,3.0,550.0,2940.0,48,161.82,0.2942,con atrasos,1,0,0
SC-02056,30,3.4,1330.0,15040.0,18,1059.24,0.7964,con atrasos,1,1,1
SC-02925,33,4.3,310.0,4210.0,36,224.6,0.7245,al dia,4,1,1
SC-03542,44,4.6,1370.0,8860.0,36,472.66,0.345,al dia,3,0,0
SC-02462,26,8.0,880.0,3890.0,18,269.21,0.3059,al dia,0,1,0
SC-02437,40,7.8,690.0,6030.0,24,357.95,0.5188,con atrasos,3,0,0
SC-02324,41,1.0,510.0,2100.0,36,110.44,0.2165,sin historial,2,0,0
SC-02523,32,4.5,400.0,870.0,36,45.54,0.1138,al dia,0,0,0
SC-01684,28,7.5,600.0,3260.0,12,313.65,0.5228,al dia,4,0,1
SC-01096,44,5.4,460.0,3220.0,36,174.86,0.3801,con atrasos,1,0,0
SC-02305,32,4.3,360.0,670.0,36,33.94,0.0943,al dia,1,0,0
SC-01227,21,3.0,560.0,2270.0,18,156.19,0.2789,al dia,2,1,0
SC-02698,32,3.6,850.0,3710.0,36,195.71,0.2302,al dia,7,0,0
SC-02054,40,1.4,830.0,6700.0,36,352.55,0.4248,al dia,4,1,0
SC-01848,31,6.9,710.0,1910.0,36,103.96,0.1464,al dia,0,1,0
SC-01538,41,0.9,2050.0,12970.0,24,754.39,0.368,sin historial,6,0,0
SC-01179,44,6.5,980.0,5620.0,60,357.43,0.3647,al dia,1,0,0
SC-01924,47,8.0,1040.0,1690.0,24,98.77,0.095,sin historial,2,0,0
SC-03450,35,11.2,1050.0,6950.0,12,659.39,0.628,con atrasos,2,0,1
SC-02557,42,1.2,890.0,2910.0,36,154.14,0.1732,sin historial,3,1,0
SC-02077,55,0.5,1220.0,4720.0,24,282.71,0.2317,sin historial,0,0,0
SC-00181,43,5.7,530.0,770.0,36,40.22,0.0759,sin historial,0,0,0
SC-03582,26,4.9,930.0,4170.0,60,264.53,0.2844,sin historial,1,0,0
SC-00279,21,3.0,580.0,2530.0,24,147.24,0.2539,al dia,2,0,0
SC-01059,34,3.8,420.0,500.0,48,27.97,0.0666,al dia,2,0,0
SC-02370,38,10.7,690.0,3500.0,36,179.49,0.2601,al dia,2,1,0
SC-02125,25,3.7,370.0,1540.0,36,82.78,0.2237,al dia,2,1,0
SC-01507,35,4.8,720.0,2310.0,36,126.42,0.1756,al dia,1,0,0
SC-03417,44,3.8,920.0,1120.0,12,104.07,0.1131,sin historial,1,0,1
SC-00922,23,4.5,780.0,2860.0,48,160.45,0.2057,sin historial,1,1,0
SC-03243,32,1.9,500.0,500.0,36,26.43,0.0529,al dia,4,0,0
SC-03971,39,1.2,1830.0,5470.0,48,314.28,0.1717,al dia,2,1,0
SC-02042,41,7.4,660.0,2620.0,48,146.88,0.2225,al dia,1,0,1
SC-01916,45,1.4,780.0,1970.0,18,137.32,0.1761,sin historial,2,0,0
SC-03019,35,1.3,1170.0,3680.0,18,258.12,0.2206,al dia,1,0,0
SC-03824,42,4.9,690.0,5050.0,60,316.35,0.4585,sin historial,1,1,1
SC-01219,41,5.0,710.0,2260.0,60,142.25,0.2003,al dia,2,0,0
SC-01560,35,3.1,670.0,640.0,24,36.99,0.0552,sin historial,2,0,0
SC-01471,41,3.4,520.0,690.0,36,37.13,0.0714,sin historial,0,1,0
SC-00058,21,3.0,350.0,640.0,24,37.36,0.1068,sin historial,1,1,0
SC-01040,46,1.9,1180.0,3130.0,24,184.66,0.1565,sin historial,0,0,0
SC-02271,51,4.7,1860.0,4020.0,24,237.06,0.1275,al dia,2,0,0
SC-00449,31,4.2,1370.0,5830.0,36,321.81,0.2349,sin historial,1,1,0
SC-01602,52,3.3,580.0,880.0,36,46.89,0.0809,con atrasos,2,1,0
SC-03332,33,4.8,1150.0,2960.0,24,176.55,0.1535,al dia,1,0,0
SC-00431,57,1.8,980.0,4180.0,36,218.37,0.2228,al dia,2,0,0
SC-01622,24,6.0,740.0,3330.0,36,177.08,0.2393,al dia,2,1,0
SC-03375,26,4.0,520.0,1550.0,24,90.07,0.1732,al dia,0,0,0
SC-03060,34,9.2,860.0,2980.0,60,188.52,0.2192,al dia,1,0,0
SC-03429,54,3.8,1330.0,4110.0,36,229.6,0.1726,al dia,1,1,0
SC-00451,48,5.3,2310.0,7630.0,24,448.06,0.194,con atrasos,5,0,1
SC-01253,21,3.0,600.0,1200.0,24,70.55,0.1176,al dia,2,0,0
SC-00768,54,9.3,1480.0,3800.0,24,228.59,0.1545,con atrasos,0,0,0
SC-01852,21,2.3,900.0,5440.0,48,307.68,0.3419,con atrasos,3,1,0
SC-03276,21,3.0,1050.0,2400.0,24,141.35,0.1346,sin historial,1,0,1
SC-03722,21,2.9,790.0,2590.0,24,150.86,0.191,al dia,0,0,0
SC-02756,60,1.6,750.0,4220.0,18,292.89,0.3905,sin historial,2,0,1
SC-00787,37,3.1,720.0,4130.0,60,253.49,0.3521,sin historial,4,0,0
SC-03735,36,1.7,740.0,2980.0,36,162.23,0.2192,sin historial,3,1,0
SC-01198,45,2.8,800.0,7720.0,12,728.97,0.85,con atrasos,7,1,1
SC-00347,28,4.9,810.0,3700.0,18,251.75,0.3108,con atrasos,1,0,0
SC-00503,35,3.5,700.0,3130.0,36,167.21,0.2389,con atrasos,2,1,0
SC-03159,50,6.5,720.0,3340.0,36,178.99,0.2486,al dia,3,0,0
SC-01115,21,1.9,460.0,1440.0,24,85.43,0.1857,sin historial,0,0,0
SC-01544,34,7.5,930.0,1820.0,18,124.6,0.134,al dia,2,1,0
SC-02315,46,2.5,1030.0,7790.0,36,418.74,0.4065,con atrasos,5,0,1
SC-02860,36,7.8,2090.0,17020.0,24,1029.67,0.4927,sin historial,0,1,0
SC-01442,48,3.8,870.0,2530.0,36,135.63,0.1559,al dia,0,0,1
SC-03844,41,1.6,850.0,5060.0,36,265.5,0.3123,sin historial,2,0,0
SC-01704,46,4.2,1400.0,3380.0,36,178.08,0.1272,con atrasos,3,1,0
SC-02196,26,7.8,330.0,1400.0,48,78.83,0.2389,al dia,3,1,0
SC-00269,29,4.3,520.0,2340.0,24,136.54,0.2626,con atrasos,1,1,0
SC-01531,33,6.9,800.0,3810.0,24,222.23,0.2778,sin historial,2,0,0
SC-03228,46,2.7,400.0,910.0,48,51.93,0.1298,sin historial,0,1,0
SC-02749,41,2.9,1070.0,5170.0,24,309.34,0.2891,sin historial,3,0,1
SC-03624,34,5.8,430.0,2420.0,48,133.3,0.31,al dia,3,1,0
SC-02186,49,3.1,1820.0,6750.0,60,431.39,0.237,con atrasos,2,0,0
SC-03903,21,3.0,490.0,3170.0,24,188.92,0.3856,al dia,3,0,0
SC-02393,22,3.8,250.0,2610.0,48,144.82,0.5793,con atrasos,2,0,1
SC-00566,50,4.3,930.0,4230.0,60,270.21,0.2905,al dia,1,0,0
SC-00264,43,1.2,620.0,6750.0,36,364.36,0.5877,con atrasos,3,1,1
SC-02217,27,9.0,1310.0,9440.0,36,490.15,0.3742,sin historial,2,1,0
SC-03575,31,13.0,540.0,4820.0,36,250.3,0.4635,con atrasos,1,0,1
SC-02965,32,4.2,540.0,5700.0,48,325.91,0.6035,con atrasos,4,0,1
SC-01264,49,5.9,620.0,1290.0,60,83.24,0.1343,con atrasos,1,1,0
SC-02806,52,12.6,1110.0,9990.0,24,592.18,0.5335,al dia,0,1,0
SC-03597,53,4.1,1000.0,2100.0,18,145.5,0.1455,al dia,3,0,0
SC-01376,42,2.6,700.0,2590.0,60,159.85,0.2284,al dia,1,0,0
SC-01152,37,7.6,1570.0,3720.0,24,223.98,0.1427,con atrasos,2,1,0
SC-02410,30,8.2,540.0,1920.0,24,109.54,0.2029,al dia,2,0,0
SC-02786,28,1.4,870.0,1760.0,12,165.98,0.1908,al dia,2,0,0
SC-00315,22,1.7,290.0,1290.0,48,75.82,0.2615,sin historial,1,1,0
SC-02124,53,6.2,970.0,3570.0,48,200.32,0.2065,sin historial,2,1,0
SC-03519,41,3.0,810.0,3410.0,12,317.5,0.392,con atrasos,0,0,0
SC-00284,29,2.9,710.0,6780.0,48,379.61,0.5347,al dia,3,0,1
SC-03910,32,10.0,780.0,3960.0,36,208.74,0.2676,sin historial,0,0,0
SC-01903,34,3.7,1030.0,7650.0,24,465.8,0.4522,al dia,4,0,1
SC-03285,42,9.6,820.0,3760.0,48,210.82,0.2571,al dia,4,0,0
SC-03528,30,1.1,670.0,1360.0,18,95.41,0.1424,sin historial,0,0,0
SC-02706,32,7.3,590.0,1720.0,18,119.42,0.2024,sin historial,2,0,0
SC-00033,39,5.7,890.0,17740.0,36,959.2,0.85,con atrasos,5,1,0
SC-00885,34,3.1,1020.0,6820.0,48,387.88,0.3803,con atrasos,2,1,0
SC-01882,34,6.0,720.0,3540.0,18,247.62,0.3439,con atrasos,3,0,1
SC-01407,36,6.4,1390.0,3420.0,24,198.45,0.1428,al dia,5,1,0
SC-00241,38,1.6,720.0,3280.0,18,224.71,0.3121,sin historial,2,0,0
SC-02993,41,15.9,2080.0,7800.0,24,465.1,0.2236,al dia,1,0,0
SC-02085,31,13.0,1200.0,5900.0,18,413.63,0.3447,al dia,1,1,1
SC-02360,21,3.0,580.0,1300.0,24,76.24,0.1314,sin historial,3,0,0
SC-02639,46,7.1,2760.0,8330.0,12,788.3,0.2856,al dia,3,0,0
SC-02620,36,3.5,1160.0,3590.0,48,205.4,0.1771,sin historial,1,0,0
SC-02157,41,2.6,1070.0,9550.0,60,616.38,0.5761,sin historial,1,1,0
SC-03129,36,2.5,940.0,1380.0,24,80.87,0.086,al dia,1,0,0
SC-00340,21,2.0,790.0,4260.0,60,272.57,0.345,al dia,1,0,0
SC-03888,37,3.4,580.0,2900.0,60,184.41,0.318,al dia,4,1,0
SC-00808,25,1.7,640.0,4100.0,36,214.22,0.3347,al dia,3,1,0
SC-03908,35,4.1,580.0,1550.0,18,108.29,0.1867,al dia,3,1,0
SC-03158,57,1.6,970.0,1300.0,60,83.4,0.086,sin historial,1,1,1
SC-02051,38,16.0,550.0,1970.0,18,135.73,0.2468,al dia,1,1,0
SC-02249,28,5.0,1380.0,7360.0,18,506.84,0.3673,al dia,1,0,0
SC-03571,57,9.4,1230.0,2180.0,36,114.89,0.0934,al dia,0,1,0
SC-01633,46,9.7,1450.0,8330.0,12,783.03,0.54,al dia,1,0,1
SC-00499,42,0.3,810.0,3220.0,36,174.38,0.2153,al dia,2,0,1
SC-00281,36,4.6,700.0,1020.0,18,70.38,0.1005,al dia,1,0,0
SC-00218,41,1.7,760.0,1590.0,48,88.82,0.1169,sin historial,1,0,0
SC-02133,31,2.1,810.0,6150.0,36,328.97,0.4061,al dia,1,0,0
SC-01229,21,0.6,630.0,3920.0,24,233.0,0.3698,sin historial,0,1,0
SC-00891,23,5.0,820.0,1340.0,36,67.24,0.082,sin historial,3,0,1
SC-01426,35,1.2,910.0,4680.0,18,327.37,0.3597,sin historial,2,0,0
SC-02131,29,4.2,830.0,3940.0,24,235.05,0.2832,sin historial,1,1,0
SC-02516,34,3.4,1360.0,5130.0,48,293.99,0.2162,sin historial,2,0,0
SC-03239,52,6.9,700.0,2090.0,18,145.65,0.2081,al dia,3,0,0
SC-02921,28,10.0,740.0,2300.0,12,218.73,0.2956,al dia,2,0,0
SC-03810,31,13.0,1320.0,3260.0,36,166.95,0.1265,al dia,1,0,0
SC-03279,34,3.2,1580.0,4590.0,18,318.23,0.2014,al dia,0,1,0
SC-01515,31,0.7,540.0,4130.0,24,240.13,0.4447,sin historial,0,0,0
SC-00357,21,3.0,490.0,2760.0,24,163.23,0.3331,sin historial,4,1,0
SC-01685,40,4.7,1290.0,3700.0,36,201.46,0.1562,con atrasos,1,1,1
SC-02651,37,2.2,800.0,1980.0,24,116.61,0.1458,sin historial,2,0,0
SC-03606,21,2.7,800.0,2280.0,24,134.07,0.1676,sin historial,1,0,0
SC-03459,48,5.9,580.0,5890.0,24,338.74,0.584,al dia,2,1,1
SC-02461,42,1.1,1000.0,2550.0,24,151.06,0.1511,sin historial,1,0,0
SC-00620,26,5.4,620.0,3790.0,24,225.25,0.3633,al dia,3,0,0
SC-03635,22,4.0,710.0,1720.0,48,97.1,0.1368,sin historial,0,1,0
SC-00802,37,19.0,2310.0,11260.0,36,604.27,0.2616,con atrasos,0,0,1
SC-02290,30,12.0,970.0,3980.0,36,207.21,0.2136,con atrasos,0,1,0
SC-00740,34,6.7,970.0,6660.0,24,390.27,0.4023,con atrasos,2,1,0
SC-01079,27,5.0,1610.0,4030.0,36,206.48,0.1282,al dia,1,1,0
SC-01784,22,4.0,1250.0,2880.0,48,155.18,0.1241,al dia,2,0,0
SC-01391,50,2.6,510.0,2900.0,36,155.05,0.304,al dia,2,0,0
SC-03565,39,6.6,1020.0,2050.0,24,119.98,0.1176,sin historial,4,1,0
SC-00667,49,1.4,700.0,1140.0,24,68.45,0.0978,sin historial,1,1,0
SC-01584,62,0.2,970.0,1670.0,48,98.52,0.1016,al dia,3,0,0
SC-00899,44,8.9,1500.0,5410.0,18,377.1,0.2514,al dia,5,0,0
SC-01869,27,4.6,550.0,4440.0,48,249.38,0.4534,sin historial,1,0,0
SC-00112,51,5.1,630.0,4350.0,18,303.65,0.482,sin historial,3,0,1
SC-03425,45,6.6,1030.0,4810.0,48,269.34,0.2615,al dia,3,0,0
SC-00363,46,3.4,1000.0,3540.0,24,208.33,0.2083,al dia,0,0,0
SC-01209,48,5.8,800.0,3750.0,48,212.61,0.2658,sin historial,2,0,0
SC-02623,46,1.1,1210.0,3100.0,60,201.2,0.1663,al dia,1,0,0
SC-00013,44,5.6,580.0,7910.0,18,541.05,0.85,con atrasos,4,0,1
SC-00486,60,4.2,930.0,2100.0,24,124.89,0.1343,al dia,4,1,0
SC-02763,52,3.4,680.0,1500.0,24,90.78,0.1335,al dia,0,0,0
SC-02083,62,10.6,1680.0,3010.0,36,162.22,0.0966,con atrasos,4,0,0
SC-00244,32,3.2,570.0,1470.0,12,137.53,0.2413,sin historial,3,1,0
SC-01569,21,3.0,440.0,1000.0,24,57.89,0.1316,con atrasos,4,1,0
SC-03513,47,1.4,940.0,4470.0,18,305.89,0.3254,sin historial,2,1,0
SC-01126,41,9.9,1400.0,4170.0,36,223.31,0.1595,al dia,3,0,0
SC-02291,58,0.5,2670.0,12150.0,12,1138.34,0.4263,al dia,1,0,1
SC-01383,40,1.9,880.0,1670.0,18,117.68,0.1337,al dia,5,1,0
SC-01299,30,6.2,610.0,7610.0,48,438.61,0.719,sin historial,1,0,1
SC-02900,29,5.3,540.0,2520.0,24,147.32,0.2728,al dia,5,0,0
SC-02137,37,3.5,470.0,2030.0,12,190.5,0.4053,al dia,1,1,1
SC-03002,25,1.6,1140.0,5250.0,18,371.75,0.3261,al dia,4,0,0
SC-02813,52,4.7,490.0,870.0,18,60.63,0.1237,al dia,5,0,1
SC-02080,32,4.3,630.0,1750.0,36,94.29,0.1497,al dia,1,0,0
SC-02585,49,9.1,1450.0,4180.0,48,243.65,0.168,con atrasos,1,1,0
SC-00525,45,4.0,1740.0,4200.0,12,400.27,0.23,al dia,2,0,0
SC-01284,40,11.9,1660.0,4850.0,36,253.08,0.1525,al dia,1,0,0
SC-01660,34,8.6,1210.0,3420.0,18,239.07,0.1976,al dia,0,0,0
SC-02882,45,4.4,570.0,5140.0,36,285.59,0.501,sin historial,3,1,0
SC-03385,36,10.1,890.0,3380.0,12,319.12,0.3586,sin historial,1,1,0
SC-01303,34,5.5,930.0,4890.0,18,331.31,0.3562,al dia,1,0,0
SC-01033,46,15.0,900.0,8840.0,36,472.17,0.5246,al dia,0,0,1
SC-03367,29,4.6,860.0,3340.0,36,189.91,0.2208,con atrasos,4,0,0
SC-02400,49,4.0,720.0,7070.0,36,375.24,0.5212,con atrasos,1,1,1
SC-02952,40,5.7,550.0,4790.0,18,324.46,0.5899,con atrasos,3,0,1
SC-00454,34,9.9,1830.0,7350.0,18,511.03,0.2793,al dia,3,0,0
SC-03407,64,5.8,1570.0,6920.0,60,458.75,0.2922,con atrasos,2,1,0
SC-03834,32,11.0,700.0,4300.0,18,295.11,0.4216,con atrasos,2,0,1
SC-02209,46,9.2,1640.0,2800.0,36,150.79,0.0919,al dia,3,1,0
SC-01129,46,8.0,800.0,5510.0,36,292.87,0.3661,al dia,3,0,0
SC-01643,49,13.2,1260.0,9990.0,12,937.36,0.7439,al dia,2,0,1
SC-00100,60,3.8,550.0,7750.0,18,526.16,0.85,con atrasos,3,0,1
SC-03805,45,4.6,570.0,810.0,12,77.04,0.1352,con atrasos,3,0,0
SC-03848,34,1.9,670.0,3030.0,24,180.69,0.2697,sin historial,5,1,0
SC-01154,44,1.5,2200.0,20720.0,36,1103.1,0.5014,al dia,0,1,1
SC-00227,40,19.1,750.0,6540.0,36,338.91,0.4519,al dia,4,1,0
SC-03578,47,13.9,820.0,1590.0,36,84.42,0.103,al dia,2,0,0
SC-01587,36,1.8,880.0,3690.0,36,200.18,0.2275,al dia,0,0,0
SC-01611,40,5.3,1240.0,2520.0,48,147.54,0.119,sin historial,0,0,0
SC-01556,31,2.7,800.0,5240.0,24,306.68,0.3833,al dia,0,0,0
SC-03006,31,5.9,1010.0,2620.0,18,182.02,0.1802,al dia,2,1,0
SC-02322,42,3.3,1190.0,4120.0,36,219.4,0.1844,sin historial,3,0,0
SC-03186,47,12.4,1590.0,6690.0,12,626.03,0.3937,al dia,1,0,0
SC-01429,40,7.5,1220.0,3950.0,60,264.66,0.2169,con atrasos,2,1,0
SC-02622,38,2.6,620.0,3460.0,36,187.95,0.3031,con atrasos,3,0,0
SC-03786,30,5.2,450.0,2150.0,18,146.41,0.3254,sin historial,2,0,0
SC-02028,38,11.2,850.0,7930.0,36,415.79,0.4892,al dia,2,0,1
SC-02562,21,3.0,280.0,920.0,48,52.04,0.1859,al dia,3,1,0
SC-00211,42,3.4,870.0,2560.0,24,147.05,0.169,sin historial,3,0,0
SC-02406,38,5.2,380.0,1690.0,36,93.47,0.246,sin historial,4,0,0
SC-03559,28,4.7,720.0,2500.0,24,150.5,0.209,al dia,1,0,0
SC-01204,33,3.2,640.0,1280.0,18,88.47,0.1382,al dia,0,0,0
SC-03373,46,8.2,800.0,2520.0,24,148.42,0.1855,al dia,2,0,0
SC-03394,43,4.6,910.0,2760.0,24,160.49,0.1764,con atrasos,2,1,1
SC-02231,23,5.0,330.0,2970.0,36,154.06,0.4669,sin historial,1,1,0
SC-00769,37,4.7,520.0,1320.0,18,90.9,0.1748,al dia,1,0,0
SC-02803,47,7.1,1300.0,4750.0,36,252.42,0.1942,con atrasos,0,0,0
SC-00708,56,4.5,730.0,1550.0,24,93.15,0.1276,al dia,2,0,0
SC-03229,38,3.3,760.0,2640.0,36,144.24,0.1898,al dia,0,0,0
SC-03659,44,10.1,1190.0,3160.0,48,177.34,0.149,con atrasos,2,0,0
SC-02423,33,5.7,570.0,3560.0,24,210.45,0.3692,al dia,1,0,0
SC-02746,51,5.2,3030.0,16160.0,12,1512.51,0.4992,al dia,2,0,1
SC-02928,36,0.6,710.0,2900.0,36,157.8,0.2222,con atrasos,4,0,0
SC-03629,44,5.2,440.0,750.0,36,39.33,0.0894,con atrasos,3,0,0
SC-01116,69,1.6,550.0,2240.0,36,118.94,0.2163,con atrasos,1,0,0
SC-02302,40,22.0,970.0,2220.0,12,208.4,0.2148,al dia,1,0,0
SC-00761,31,11.1,1490.0,1920.0,60,119.8,0.0804,al dia,3,1,0
SC-03307,28,8.3,970.0,4020.0,48,219.11,0.2259,al dia,3,0,0
SC-03064,35,6.6,980.0,1180.0,12,111.67,0.1139,sin historial,3,0,0
SC-02458,45,7.2,810.0,3480.0,48,190.82,0.2356,al dia,3,1,0
SC-03383,43,5.1,670.0,1230.0,24,72.81,0.1087,al dia,0,1,0
SC-03362,37,4.8,540.0,4860.0,12,451.26,0.8357,sin historial,3,1,1
SC-02453,45,1.2,700.0,6220.0,24,365.69,0.5224,sin historial,5,0,0
SC-00632,53,1.7,730.0,2580.0,60,164.91,0.2259,sin historial,3,1,0
SC-02863,46,2.4,700.0,1450.0,24,84.49,0.1207,sin historial,0,0,0
SC-03324,44,4.6,1220.0,10030.0,36,538.16,0.4411,al dia,2,0,0
SC-00388,39,3.5,900.0,2190.0,60,141.75,0.1575,al dia,2,0,0
SC-03364,43,11.3,1440.0,4840.0,60,307.66,0.2137,al dia,2,0,0
SC-00327,44,4.5,550.0,2210.0,36,118.19,0.2149,con atrasos,3,0,0
SC-03929,28,2.7,680.0,1720.0,24,99.43,0.1462,sin historial,2,0,0
SC-00477,45,6.8,1070.0,5760.0,36,303.01,0.2832,con atrasos,5,1,0
SC-02243,28,2.6,620.0,1360.0,36,74.9,0.1208,sin historial,3,0,0
SC-01687,21,2.5,1190.0,7150.0,60,467.44,0.3928,al dia,4,1,1
SC-03033,34,5.9,830.0,5030.0,36,271.83,0.3275,al dia,2,0,0
SC-03098,22,3.1,550.0,3420.0,36,179.11,0.3257,al dia,2,1,0
SC-02722,23,4.5,1010.0,2420.0,12,227.72,0.2255,con atrasos,1,0,0
SC-02281,45,0.7,460.0,910.0,48,51.09,0.1111,con atrasos,2,0,0
SC-02974,22,1.8,480.0,1480.0,24,84.97,0.177,sin historial,1,1,0
SC-01465,38,8.8,1000.0,3450.0,48,198.53,0.1985,con atrasos,1,0,0
SC-01353,38,1.7,910.0,3590.0,24,217.44,0.2389,con atrasos,1,1,0
SC-01321,55,6.8,1020.0,4580.0,60,299.52,0.2936,con atrasos,3,0,0
SC-02472,32,8.0,1530.0,7080.0,24,424.53,0.2775,sin historial,0,1,0
SC-00524,26,3.4,850.0,1690.0,24,99.03,0.1165,sin historial,3,0,0
SC-00204,37,8.6,2230.0,6400.0,60,395.56,0.1774,al dia,1,1,0
SC-03300,43,6.4,850.0,3540.0,24,205.89,0.2422,con atrasos,1,0,0
SC-02713,46,4.5,1070.0,3550.0,18,246.56,0.2304,con atrasos,5,1,0
SC-03675,59,3.9,1320.0,3280.0,48,185.72,0.1407,al dia,1,0,0
SC-03484,21,3.0,590.0,1820.0,36,93.69,0.1588,al dia,0,0,0
SC-02677,25,3.0,1440.0,16390.0,24,965.63,0.6706,sin historial,1,1,1
SC-02286,35,5.7,850.0,2000.0,48,113.0,0.1329,al dia,1,1,0
SC-03191,32,6.8,410.0,2210.0,36,120.74,0.2945,con atrasos,2,1,0
SC-03260,24,5.1,1060.0,4010.0,36,214.31,0.2022,con atrasos,1,0,0
SC-01052,34,3.9,550.0,2060.0,36,109.15,0.1985,sin historial,3,0,0
SC-03878,42,7.1,1010.0,7940.0,24,470.02,0.4654,al dia,2,0,0
SC-01941,48,12.7,460.0,1190.0,24,72.46,0.1575,al dia,1,0,0
SC-00101,51,6.0,1170.0,2020.0,18,140.87,0.1204,sin historial,2,0,0
SC-00916,31,2.9,820.0,3110.0,48,171.76,0.2095,sin historial,1,0,0
SC-02751,42,4.5,870.0,7520.0,48,410.2,0.4715,al dia,2,0,1
SC-00373,49,4.0,800.0,4650.0,12,439.27,0.5491,sin historial,3,1,0
SC-01800,21,3.0,560.0,1860.0,60,119.0,0.2125,con atrasos,2,0,0
SC-00752,39,10.0,1820.0,4390.0,24,261.38,0.1436,al dia,1,1,0
SC-01268,32,5.8,1110.0,5930.0,18,411.4,0.3706,al dia,3,0,0
SC-02351,21,3.0,440.0,710.0,36,38.16,0.0867,al dia,0,0,0
SC-00489,41,11.8,910.0,2130.0,36,110.34,0.1213,al dia,0,0,0
SC-00992,39,2.2,530.0,3310.0,24,194.02,0.3661,con atrasos,1,0,0
SC-01345,52,4.5,940.0,8080.0,48,442.92,0.4712,sin historial,5,0,1
SC-01306,37,12.4,470.0,2950.0,24,176.79,0.3761,sin historial,2,1,0
SC-01122,70,6.4,850.0,5730.0,60,389.48,0.4582,con atrasos,5,0,0
SC-00677,51,7.3,450.0,2060.0,24,120.4,0.2676,al dia,0,0,0
SC-02609,25,7.0,1040.0,1830.0,36,98.43,0.0946,al dia,1,0,0
SC-03222,48,3.0,750.0,2240.0,48,128.07,0.1708,sin historial,1,0,0
SC-01962,42,12.6,630.0,7920.0,24,468.22,0.7432,al dia,4,0,0
SC-02663,45,5.0,710.0,2400.0,24,141.36,0.1991,al dia,4,0,0
SC-02997,51,10.4,650.0,1330.0,36,72.42,0.1114,con atrasos,1,0,0
SC-03767,24,3.2,790.0,5910.0,60,365.07,0.4621,sin historial,4,0,1
SC-02537,50,5.5,1070.0,4490.0,12,418.86,0.3915,al dia,4,1,0
SC-00701,30,2.6,720.0,7680.0,36,411.79,0.5719,al dia,2,0,1
SC-03825,35,2.3,780.0,3540.0,48,198.53,0.2545,sin historial,2,0,1
SC-03457,21,3.0,1270.0,9820.0,36,512.4,0.4035,al dia,1,0,0
SC-03822,42,6.5,1670.0,4270.0,18,304.46,0.1823,sin historial,1,1,0
SC-01280,41,6.1,720.0,1820.0,60,118.01,0.1639,sin historial,0,0,0
SC-00225,30,5.6,1560.0,3490.0,48,194.6,0.1247,sin historial,1,0,0
SC-03811,34,3.5,620.0,1920.0,24,111.73,0.1802,al dia,2,0,0
SC-00775,36,11.3,920.0,4920.0,18,342.03,0.3718,al dia,2,0,1
SC-00799,33,6.9,940.0,2240.0,48,127.15,0.1353,con atrasos,2,1,0
SC-01011,51,1.5,880.0,1550.0,24,88.78,0.1009,al dia,1,0,0
SC-01716,28,3.7,710.0,1730.0,18,120.42,0.1696,al dia,1,0,0
SC-00588,21,0.4,450.0,1210.0,36,65.06,0.1446,sin historial,4,0,0
SC-02036,43,5.5,680.0,1670.0,12,157.45,0.2315,con atrasos,2,0,0
SC-00173,45,7.4,1050.0,2260.0,60,144.02,0.1372,al dia,0,1,0
SC-02720,56,3.4,560.0,2240.0,36,118.78,0.2121,sin historial,1,1,0
SC-01528,45,10.3,920.0,1990.0,48,113.66,0.1235,al dia,1,0,0
SC-03397,31,4.2,490.0,4180.0,48,230.55,0.4705,sin historial,0,0,1
SC-00111,33,4.2,990.0,2970.0,18,211.79,0.2139,con atrasos,1,1,0
SC-00583,61,2.9,1970.0,9250.0,60,608.42,0.3088,sin historial,6,1,0
SC-03820,21,1.1,540.0,4300.0,24,262.07,0.4853,sin historial,3,1,0
SC-02783,66,3.1,1040.0,7540.0,36,386.09,0.3712,con atrasos,2,0,0
SC-02195,30,2.2,540.0,1260.0,48,71.98,0.1333,con atrasos,2,0,0
SC-01766,39,12.8,610.0,7400.0,12,688.62,0.85,al dia,3,0,1
SC-02949,29,10.0,1320.0,10890.0,12,1016.01,0.7697,con atrasos,0,0,1
SC-02161,29,2.7,690.0,2940.0,18,202.96,0.2941,sin historial,6,0,1
SC-01439,50,5.9,870.0,2800.0,48,161.88,0.1861,al dia,1,0,0
SC-00256,46,2.3,1060.0,3890.0,24,225.47,0.2127,sin historial,1,0,0
SC-03287,36,4.6,730.0,1530.0,36,82.85,0.1135,al dia,0,1,0
SC-00456,42,1.9,810.0,2400.0,36,123.75,0.1528,sin historial,0,1,0
SC-00803,39,4.2,910.0,4760.0,24,284.62,0.3128,sin historial,5,0,0
SC-01403,59,3.2,760.0,6620.0,36,351.21,0.4621,sin historial,4,0,1
SC-03083,53,3.8,1340.0,2230.0,48,131.86,0.0984,sin historial,2,0,1
SC-03586,37,6.9,610.0,3010.0,24,179.54,0.2943,sin historial,4,0,0
SC-02389,53,4.7,970.0,2650.0,36,139.57,0.1439,al dia,0,0,0
SC-01437,40,11.2,640.0,1730.0,36,91.51,0.143,con atrasos,1,1,0
SC-02343,24,6.0,1170.0,4110.0,18,285.94,0.2444,con atrasos,2,0,1
SC-01683,48,4.7,770.0,5050.0,48,287.61,0.3735,al dia,1,0,0
SC-00025,41,4.1,1040.0,5740.0,18,396.85,0.3816,al dia,2,1,0
SC-03747,32,8.1,1040.0,5120.0,24,301.55,0.2899,al dia,2,1,0
SC-03319,29,11.0,760.0,1940.0,12,182.43,0.24,al dia,2,0,0
SC-02225,27,5.7,1550.0,2370.0,36,128.84,0.0831,con atrasos,0,0,0
SC-03719,37,0.6,1090.0,7820.0,36,415.4,0.3811,sin historial,2,0,0
SC-03027,28,4.2,860.0,1790.0,18,124.09,0.1443,sin historial,3,0,0
SC-00119,39,4.3,1600.0,8680.0,60,551.74,0.3448,al dia,2,0,0
SC-02737,31,4.7,3300.0,15580.0,36,834.97,0.253,sin historial,1,0,0
SC-02210,21,3.0,810.0,3220.0,24,184.29,0.2275,al dia,4,0,1
SC-03508,29,8.8,1530.0,4110.0,48,229.71,0.1501,al dia,1,0,0
SC-03348,35,15.7,1410.0,13100.0,36,690.87,0.49,al dia,2,1,0
SC-01583,21,3.0,430.0,3340.0,36,175.42,0.408,al dia,2,1,0
SC-03988,50,10.9,1450.0,2910.0,12,273.23,0.1884,al dia,0,0,0
SC-03651,30,1.4,1020.0,2860.0,24,170.4,0.1671,al dia,2,0,0
SC-03725,53,7.6,700.0,1470.0,18,101.7,0.1453,al dia,1,0,0
SC-03402,32,14.0,1150.0,3050.0,48,170.03,0.1478,al dia,0,0,0
SC-00825,59,1.8,1220.0,23610.0,24,1384.53,0.85,con atrasos,5,1,1
SC-00387,21,3.0,1020.0,3750.0,12,354.43,0.3475,con atrasos,2,1,0
SC-03602,36,6.7,620.0,3420.0,36,185.06,0.2985,con atrasos,1,0,1
SC-02386,37,11.8,530.0,4890.0,36,260.57,0.4916,al dia,1,0,1
SC-00601,35,11.8,1010.0,4720.0,24,272.24,0.2695,con atrasos,1,0,0
SC-00009,38,3.7,350.0,880.0,36,47.09,0.1345,sin historial,2,0,0
SC-01180,42,5.1,1950.0,11460.0,18,779.38,0.3997,sin historial,1,0,1
SC-03891,41,2.7,860.0,2350.0,24,137.23,0.1596,sin historial,4,1,0
SC-02450,24,5.0,620.0,6250.0,48,358.11,0.5776,al dia,4,1,1
SC-02308,23,2.0,660.0,1020.0,36,53.63,0.0813,sin historial,4,0,0
SC-01258,32,0.7,1050.0,2190.0,48,126.8,0.1208,al dia,1,0,0
SC-00848,21,3.0,690.0,4420.0,60,282.49,0.4094,sin historial,4,0,0
SC-01658,47,8.2,400.0,3860.0,24,224.48,0.5612,al dia,5,0,1
SC-00469,53,6.5,750.0,2930.0,36,153.53,0.2047,al dia,1,0,0
SC-01145,21,3.0,860.0,3460.0,36,188.81,0.2195,al dia,1,1,0
SC-01991,32,14.0,1850.0,3120.0,18,213.91,0.1156,al dia,2,0,0
SC-02924,33,7.2,560.0,2940.0,60,186.92,0.3338,con atrasos,1,0,0
SC-00537,29,11.0,1260.0,6470.0,36,343.49,0.2726,sin historial,1,0,0
SC-01381,38,6.7,460.0,1380.0,60,89.74,0.1951,al dia,3,0,0
SC-02402,30,4.1,930.0,1660.0,24,97.82,0.1052,al dia,4,1,0
SC-00342,47,7.1,1010.0,6170.0,18,434.42,0.4301,al dia,5,1,0
SC-02907,45,5.8,530.0,3820.0,24,224.96,0.4245,con atrasos,5,0,1
SC-03294,39,4.5,660.0,2950.0,12,279.41,0.4234,al dia,2,1,1
SC-01876,44,6.8,490.0,2360.0,36,125.64,0.2564,al dia,4,0,0
SC-01325,25,5.1,360.0,1080.0,48,60.26,0.1674,con atrasos,2,0,1
SC-00443,57,1.7,1100.0,5720.0,36,305.47,0.2777,sin historial,1,1,0
SC-01972,33,7.0,530.0,1000.0,36,53.03,0.1001,al dia,2,0,0
SC-02699,47,16.4,1220.0,1030.0,36,55.0,0.0451,al dia,1,1,0
SC-03312,51,3.2,1110.0,4680.0,48,262.33,0.2363,al dia,1,0,0
SC-03560,55,10.2,1690.0,11110.0,24,664.24,0.393,al dia,1,1,0
SC-00786,44,2.3,610.0,2560.0,36,140.94,0.2311,al dia,2,0,0
SC-02260,24,6.0,510.0,5760.0,12,535.49,0.85,al dia,1,0,1
SC-00718,67,6.8,1020.0,4330.0,18,293.87,0.2881,con atrasos,4,0,0
SC-03335,25,4.6,540.0,1420.0,36,72.24,0.1338,al dia,2,0,0
SC-03354,21,3.0,640.0,2240.0,18,155.04,0.2423,sin historial,2,0,1
SC-02055,46,11.5,640.0,1850.0,36,97.62,0.1525,al dia,5,0,1
SC-01091,27,2.5,790.0,4270.0,24,255.38,0.3233,al dia,3,0,1
SC-02298,36,6.5,690.0,4510.0,60,287.72,0.417,al dia,2,0,0
SC-03250,49,6.9,560.0,1720.0,36,94.22,0.1683,al dia,1,1,0
SC-00921,31,13.0,800.0,3820.0,36,203.74,0.2547,al dia,0,0,0
SC-01912,39,3.7,660.0,2640.0,18,183.02,0.2773,al dia,1,1,0
SC-00735,36,0.4,1200.0,1900.0,24,114.93,0.0958,sin historial,1,0,1
SC-00849,21,3.0,630.0,1100.0,18,79.01,0.1254,con atrasos,3,1,0
SC-01105,27,1.2,1580.0,5370.0,24,313.69,0.1985,sin historial,2,1,0
SC-00993,33,12.4,1390.0,4350.0,36,229.99,0.1655,al dia,3,0,0
SC-02723,41,2.2,270.0,2080.0,48,118.16,0.4376,sin historial,3,0,1
SC-03067,33,3.7,1370.0,9500.0,18,675.19,0.4928,al dia,1,0,1
SC-03911,34,5.9,510.0,1940.0,48,116.16,0.2278,al dia,3,0,0
SC-03026,45,7.2,850.0,3210.0,18,226.15,0.2661,sin historial,3,1,0
SC-01078,22,2.4,930.0,9970.0,12,940.62,0.85,al dia,5,1,1
SC-00142,43,2.1,710.0,3140.0,36,164.64,0.2319,sin historial,1,0,0
SC-01338,25,4.0,920.0,4390.0,24,256.35,0.2786,sin historial,1,1,0
SC-00613,41,6.0,470.0,1030.0,18,73.48,0.1563,con atrasos,1,1,0
SC-01181,25,5.4,530.0,1650.0,18,113.72,0.2146,con atrasos,2,1,0
SC-03931,60,3.4,1340.0,8730.0,36,461.05,0.3441,sin historial,3,0,0
SC-01117,30,6.4,990.0,1930.0,24,115.22,0.1164,sin historial,4,0,0
SC-00569,27,4.9,1670.0,6530.0,24,391.89,0.2347,al dia,2,1,0
SC-01372,42,4.9,1010.0,7360.0,18,510.22,0.5052,con atrasos,3,0,1
SC-00863,43,4.9,1020.0,3830.0,48,213.93,0.2097,al dia,1,1,0
SC-02164,32,3.2,500.0,1120.0,36,60.0,0.12,al dia,0,0,0
SC-03532,43,16.8,1000.0,4110.0,36,213.05,0.2131,al dia,3,1,1
SC-01609,35,4.0,1020.0,4110.0,48,232.34,0.2278,al dia,1,1,0
SC-02954,52,2.3,1290.0,3010.0,24,172.78,0.1339,sin historial,1,1,0
SC-01551,40,4.0,690.0,4820.0,36,263.29,0.3816,al dia,2,1,1
SC-01292,34,3.1,1160.0,7790.0,48,428.31,0.3692,al dia,2,0,0
SC-01364,48,6.7,1180.0,8480.0,24,498.34,0.4223,sin historial,4,1,1
SC-03296,35,3.8,340.0,2470.0,24,144.48,0.4249,al dia,0,0,1
SC-03621,52,2.6,1740.0,8750.0,24,507.89,0.2919,sin historial,1,0,0
SC-03761,49,2.5,1890.0,7800.0,48,434.0,0.2296,al dia,2,0,0
SC-02717,35,2.5,500.0,1260.0,12,118.93,0.2379,sin historial,1,1,0
SC-00846,21,3.0,470.0,1240.0,18,86.11,0.1832,sin historial,2,0,0
SC-00603,23,1.4,760.0,2370.0,60,151.85,0.1998,con atrasos,2,0,0
SC-02246,30,8.1,1180.0,4050.0,24,241.4,0.2046,al dia,1,0,0
SC-02346,41,14.1,1060.0,4050.0,24,242.25,0.2285,con atrasos,3,0,0
SC-03838,40,3.5,1770.0,22030.0,36,1114.59,0.6297,sin historial,2,0,1
SC-02704,52,7.6,1620.0,7220.0,18,506.67,0.3128,con atrasos,1,0,0
SC-02894,30,8.4,1240.0,8890.0,24,507.54,0.4093,al dia,2,1,0
SC-03536,42,1.3,1620.0,6740.0,36,354.1,0.2186,sin historial,1,0,0
SC-00424,21,3.0,410.0,1170.0,24,69.14,0.1686,con atrasos,1,1,0
SC-01648,22,3.9,1000.0,4550.0,18,320.03,0.32,con atrasos,2,0,1
SC-01923,45,12.6,660.0,3320.0,12,314.27,0.4762,al dia,3,1,0
SC-00152,46,7.7,1520.0,8740.0,36,457.49,0.301,con atrasos,1,1,0
SC-02392,23,1.3,970.0,4680.0,24,275.79,0.2843,sin historial,3,0,1
SC-02966,26,8.0,510.0,2600.0,60,167.19,0.3278,al dia,2,1,0
SC-00037,39,3.6,990.0,3320.0,36,176.35,0.1781,al dia,1,0,0
SC-02334,30,4.0,1020.0,2750.0,60,173.83,0.1704,sin historial,2,0,0
SC-02745,39,4.3,670.0,2020.0,12,191.04,0.2851,al dia,1,0,0
SC-03076,32,8.0,370.0,640.0,48,35.8,0.0968,con atrasos,2,1,0
SC-01006,24,5.0,840.0,1300.0,12,124.47,0.1482,sin historial,3,0,0
SC-02018,55,2.6,840.0,3180.0,36,170.53,0.203,al dia,2,0,0
SC-00930,43,4.0,430.0,2340.0,60,148.2,0.3446,sin historial,2,1,1
SC-01410,40,5.7,1330.0,2590.0,18,179.28,0.1348,al dia,3,0,0
SC-00589,44,1.3,1710.0,12470.0,12,1159.52,0.6781,sin historial,1,0,1
SC-00143,31,5.3,1250.0,7250.0,24,432.73,0.3462,con atrasos,1,1,0
SC-03520,21,3.0,910.0,4080.0,36,217.11,0.2386,con atrasos,2,0,0
SC-02994,29,3.9,990.0,4430.0,36,232.91,0.2353,al dia,1,1,0
SC-00452,42,7.5,810.0,9300.0,18,643.55,0.7945,con atrasos,3,0,1
SC-01417,21,3.0,560.0,2310.0,12,215.8,0.3854,al dia,3,0,1
SC-03376,50,4.7,1230.0,8660.0,36,476.46,0.3874,sin historial,5,0,1
SC-01355,42,2.3,650.0,1810.0,18,126.58,0.1947,sin historial,0,0,0
SC-02545,37,4.8,320.0,590.0,24,35.02,0.1094,al dia,2,0,0
SC-01728,40,3.3,230.0,1360.0,12,127.89,0.5561,al dia,7,0,1
SC-01599,36,14.8,650.0,1070.0,24,61.91,0.0953,al dia,1,0,0
SC-03723,42,6.9,840.0,3890.0,24,227.0,0.2702,sin historial,2,0,0
SC-02087,25,6.4,460.0,1230.0,36,64.44,0.1401,al dia,2,0,0
SC-01022,32,5.4,510.0,2400.0,36,128.0,0.251,al dia,0,0,0
SC-02729,41,3.7,760.0,2790.0,36,152.1,0.2001,con atrasos,2,0,1
SC-02862,28,8.9,240.0,610.0,36,31.83,0.1326,al dia,1,0,0
SC-02597,47,1.4,1110.0,2660.0,24,161.38,0.1454,sin historial,3,1,0
SC-03126,21,3.0,1400.0,2870.0,12,266.44,0.1903,con atrasos,2,0,0
SC-03748,41,0.8,1230.0,2010.0,60,127.68,0.1038,sin historial,0,0,0
SC-02481,29,5.9,850.0,4290.0,24,247.99,0.2918,sin historial,0,0,1
SC-03948,38,7.2,1080.0,1070.0,60,65.61,0.0608,al dia,4,0,0
SC-03103,34,11.3,1310.0,3160.0,24,186.41,0.1423,al dia,3,1,0
SC-01169,35,7.8,780.0,2680.0,24,159.99,0.2051,sin historial,2,0,0
SC-01917,32,1.2,1300.0,11470.0,36,618.26,0.4756,sin historial,0,0,0
SC-00804,35,14.8,1430.0,5100.0,24,300.49,0.2101,al dia,1,1,0
SC-03360,28,2.2,750.0,2770.0,36,149.12,0.1988,sin historial,2,1,0
SC-02445,42,0.2,870.0,1690.0,36,88.18,0.1014,sin historial,4,0,1
SC-03215,46,13.2,930.0,2860.0,60,173.3,0.1863,al dia,4,1,0
SC-00856,48,3.8,740.0,3650.0,12,347.81,0.47,al dia,1,1,1
SC-02069,26,6.1,600.0,1670.0,48,96.16,0.1603,sin historial,1,0,1
SC-01872,38,2.6,510.0,1430.0,24,84.67,0.166,sin historial,1,0,0
SC-01700,53,8.4,1880.0,5940.0,60,379.75,0.202,al dia,2,0,0
SC-01210,21,2.1,390.0,2820.0,36,153.73,0.3942,con atrasos,1,0,0
SC-03618,35,5.6,390.0,1750.0,18,121.16,0.3107,al dia,4,0,0
SC-01858,31,2.9,520.0,2940.0,12,274.77,0.5284,sin historial,2,0,1
SC-03661,39,0.3,500.0,2860.0,24,174.19,0.3484,al dia,1,0,1
SC-03862,21,3.0,950.0,3590.0,12,334.81,0.3524,al dia,3,0,0
SC-03539,21,3.0,1200.0,6830.0,24,396.3,0.3302,al dia,2,0,0
SC-00960,44,6.0,1000.0,9590.0,48,528.27,0.5283,con atrasos,2,0,1
SC-00186,49,1.6,1050.0,6430.0,48,365.1,0.3477,sin historial,3,0,1
SC-00038,35,17.0,1230.0,5520.0,36,286.71,0.2331,al dia,2,0,0
SC-03315,29,2.2,540.0,1160.0,24,66.5,0.1231,sin historial,1,0,0
SC-01592,25,2.9,620.0,3730.0,48,213.73,0.3447,con atrasos,3,0,1
SC-00072,53,2.9,860.0,7340.0,18,502.8,0.5847,sin historial,5,0,0
SC-02642,50,1.8,850.0,2720.0,36,147.38,0.1734,sin historial,1,1,0
SC-02731,46,3.2,390.0,2340.0,18,165.47,0.4243,al dia,3,0,0
SC-02327,43,2.4,700.0,1260.0,36,68.65,0.0981,sin historial,4,1,0
SC-00670,25,7.0,1100.0,2490.0,18,173.22,0.1575,sin historial,3,0,0
SC-02686,23,3.2,710.0,4660.0,36,243.03,0.3423,al dia,1,0,0
SC-01326,38,6.8,600.0,1500.0,12,142.39,0.2373,sin historial,2,0,0
SC-01445,48,5.0,390.0,1030.0,18,70.26,0.1802,con atrasos,0,0,0
SC-01732,27,4.9,590.0,2010.0,12,189.7,0.3215,al dia,0,0,1
SC-02201,46,19.4,1930.0,29540.0,18,2059.46,0.85,al dia,4,0,1
SC-03147,49,6.1,770.0,3740.0,36,201.62,0.2618,con atrasos,2,0,1
SC-00994,21,3.0,450.0,1970.0,60,126.7,0.2815,al dia,1,1,0
SC-00079,40,5.5,660.0,1350.0,18,91.56,0.1387,al dia,3,0,0
SC-03346,22,0.9,1140.0,11820.0,48,667.57,0.5856,sin historial,1,0,0
SC-03998,24,6.0,600.0,3210.0,60,205.51,0.3425,sin historial,2,0,0
SC-02418,39,5.2,600.0,1420.0,24,82.26,0.1371,al dia,2,0,0
SC-01523,39,16.8,3380.0,3370.0,24,197.2,0.0583,al dia,2,0,0
SC-02712,44,5.0,460.0,2430.0,36,124.65,0.271,con atrasos,1,1,0
SC-03034,55,2.2,760.0,1910.0,24,112.82,0.1484,al dia,1,0,0
SC-00944,22,2.9,860.0,5750.0,24,342.88,0.3987,sin historial,1,0,0
SC-02467,38,5.1,1110.0,7100.0,36,371.59,0.3348,al dia,4,1,1
SC-01392,27,3.7,680.0,2220.0,12,204.32,0.3005,al dia,1,0,1
SC-00242,47,4.1,790.0,2360.0,36,129.13,0.1635,al dia,2,0,0
SC-01454,40,7.1,660.0,2450.0,36,131.55,0.1993,al dia,0,1,0
SC-03391,37,4.5,600.0,1050.0,48,60.03,0.1001,al dia,4,0,0
SC-00527,28,8.5,670.0,2420.0,18,167.87,0.2506,con atrasos,5,1,0
SC-01344,62,4.7,880.0,4050.0,18,277.25,0.3151,al dia,0,0,0
SC-02029,37,19.0,1250.0,4290.0,36,226.41,0.1811,al dia,3,1,0
SC-01697,54,11.8,1430.0,7120.0,24,412.12,0.2882,al dia,0,1,0
SC-02146,35,10.3,1050.0,5660.0,12,534.8,0.5093,con atrasos,1,0,0
SC-02559,45,2.7,430.0,2190.0,48,121.85,0.2834,sin historial,1,1,0
SC-01806,45,14.3,700.0,2670.0,18,184.03,0.2629,al dia,1,0,0
SC-02041,22,1.0,330.0,1360.0,60,86.98,0.2636,con atrasos,0,1,1
SC-02918,46,8.5,1120.0,5340.0,18,377.16,0.3367,al dia,3,1,1
SC-00084,28,4.7,1680.0,8010.0,18,563.22,0.3353,con atrasos,4,0,1
SC-00430,64,3.2,770.0,4610.0,36,244.04,0.3169,al dia,1,1,0
SC-03728,46,9.9,1620.0,9320.0,36,492.0,0.3037,con atrasos,3,0,0
SC-03633,50,2.2,370.0,1120.0,36,59.9,0.1619,al dia,2,0,0
SC-03090,43,4.4,990.0,5030.0,48,296.54,0.2995,sin historial,1,0,0
SC-00982,25,1.6,770.0,1670.0,36,87.91,0.1142,sin historial,5,1,0
SC-03925,22,0.4,160.0,700.0,18,49.3,0.3081,sin historial,2,1,0
SC-00339,49,4.6,2030.0,3600.0,18,251.64,0.124,al dia,3,0,1
SC-00027,26,4.7,1100.0,4110.0,36,207.43,0.1886,al dia,0,0,0
SC-02432,37,2.4,640.0,3360.0,36,179.05,0.2798,al dia,1,1,0
SC-01226,24,1.6,510.0,7950.0,12,737.34,0.85,con atrasos,3,0,1
SC-01390,41,7.7,930.0,7460.0,24,442.43,0.4757,al dia,1,1,1
SC-00321,30,4.4,670.0,2860.0,24,165.85,0.2475,al dia,2,0,0
SC-00001,49,4.9,890.0,3840.0,12,365.36,0.4105,al dia,2,0,0
SC-01490,29,7.3,480.0,1320.0,12,120.84,0.2518,con atrasos,1,0,0
SC-01512,32,2.4,780.0,11900.0,36,631.08,0.8091,sin historial,3,0,1
SC-02703,40,5.9,710.0,2320.0,24,138.96,0.1957,con atrasos,0,0,0
SC-00408,33,0.8,1320.0,2140.0,24,126.17,0.0956,al dia,4,0,0
SC-01085,40,10.4,1120.0,2770.0,18,194.52,0.1737,al dia,3,0,0
SC-02396,43,8.4,790.0,1910.0,48,107.63,0.1362,al dia,2,0,0
SC-01192,21,2.7,540.0,2810.0,60,176.21,0.3263,con atrasos,1,0,0
SC-03316,48,4.0,1090.0,3670.0,48,204.79,0.1879,al dia,1,0,0
SC-01398,35,17.0,2070.0,6540.0,36,348.77,0.1685,al dia,1,0,0
SC-00751,30,2.4,440.0,4080.0,48,232.12,0.5275,con atrasos,2,0,1
SC-01421,34,2.3,1010.0,5770.0,36,303.93,0.3009,al dia,2,0,0
SC-01775,37,4.3,860.0,3300.0,24,185.58,0.2158,sin historial,1,0,0
SC-01612,47,4.2,830.0,1760.0,18,120.94,0.1457,al dia,0,0,0
SC-03594,30,4.0,550.0,3030.0,24,180.53,0.3282,con atrasos,3,0,0
SC-02733,48,8.2,930.0,2160.0,18,148.99,0.1602,al dia,3,0,0
SC-00578,62,1.0,2930.0,5480.0,36,290.94,0.0993,sin historial,0,0,0
SC-03000,41,2.6,390.0,880.0,24,51.81,0.1328,sin historial,0,0,1
SC-03915,21,3.0,600.0,1300.0,60,83.09,0.1385,sin historial,3,1,0
SC-02579,40,8.5,590.0,3010.0,18,214.02,0.3628,al dia,2,0,0
SC-03065,35,2.1,1300.0,11560.0,24,686.36,0.528,con atrasos,3,0,0
SC-00271,38,1.3,1030.0,5850.0,12,554.41,0.5383,sin historial,4,0,1
SC-00171,45,2.9,740.0,3670.0,36,193.03,0.2609,sin historial,1,0,0
SC-01966,30,12.0,1280.0,2070.0,24,122.38,0.0956,con atrasos,1,0,0
SC-02329,36,6.6,1480.0,5400.0,12,507.45,0.3429,sin historial,1,0,0
SC-03938,24,3.1,270.0,540.0,24,31.52,0.1167,al dia,1,0,0
SC-02490,29,4.2,280.0,1010.0,12,94.5,0.3375,sin historial,0,1,0
SC-00675,31,8.1,700.0,1930.0,24,113.31,0.1619,con atrasos,0,1,0
SC-03194,51,1.5,2110.0,5710.0,36,295.58,0.1401,al dia,1,0,0
SC-03856,52,3.9,510.0,4580.0,36,241.85,0.4742,al dia,3,0,1
SC-03567,21,3.0,640.0,2260.0,24,132.51,0.207,sin historial,3,1,0
SC-01662,32,2.5,1190.0,3040.0,48,162.78,0.1368,al dia,3,0,0
SC-03581,31,2.8,580.0,1990.0,36,105.66,0.1822,sin historial,1,0,0
SC-01855,40,9.0,440.0,3890.0,60,241.93,0.5498,con atrasos,2,0,1
SC-03867,25,4.4,710.0,5320.0,12,490.71,0.6911,con atrasos,4,1,1
SC-02552,33,3.7,620.0,1480.0,36,79.32,0.1279,al dia,0,0,0
SC-03688,43,2.0,730.0,2620.0,48,151.74,0.2079,al dia,6,0,1
SC-02848,21,1.3,540.0,1100.0,18,75.17,0.1392,con atrasos,1,0,1
SC-01816,53,1.1,1000.0,2580.0,36,140.51,0.1405,al dia,0,1,0
SC-00254,38,3.9,730.0,4440.0,18,313.72,0.4297,al dia,2,1,0
SC-01261,60,6.5,840.0,2000.0,60,129.45,0.1541,al dia,0,0,0
SC-02778,25,7.0,630.0,3080.0,36,165.9,0.2633,al dia,1,0,0
SC-03274,33,7.6,1020.0,5470.0,24,324.74,0.3184,sin historial,2,1,0
SC-01725,46,1.6,580.0,3520.0,48,202.34,0.3489,sin historial,2,1,0
SC-00296,34,4.4,490.0,2050.0,18,141.12,0.288,con atrasos,0,0,0
SC-03166,27,2.1,720.0,900.0,36,48.49,0.0674,sin historial,3,1,0
SC-00054,21,3.0,290.0,770.0,48,43.56,0.1502,al dia,3,0,0
SC-03714,66,2.5,750.0,2330.0,24,137.53,0.1834,sin historial,0,0,1
SC-00192,49,2.5,810.0,1400.0,12,131.57,0.1624,sin historial,3,0,0
SC-00302,54,3.6,440.0,1150.0,36,61.78,0.1404,al dia,1,0,0
SC-00366,42,9.4,800.0,1470.0,24,86.01,0.1075,al dia,0,1,0
SC-03084,21,3.0,600.0,1960.0,48,111.58,0.186,al dia,1,0,0
SC-00103,43,5.6,810.0,1870.0,60,121.46,0.1499,al dia,2,0,0
SC-01585,31,3.4,650.0,7110.0,36,383.43,0.5899,al dia,4,0,1
SC-00745,57,19.6,1690.0,5730.0,18,395.49,0.234,al dia,0,0,0
SC-01269,54,2.9,610.0,3010.0,48,166.31,0.2726,al dia,1,0,0
SC-02174,35,9.3,1040.0,23050.0,36,1232.74,0.85,al dia,7,1,1
SC-01943,45,2.8,1420.0,2500.0,48,136.3,0.096,al dia,5,0,0
SC-02120,46,7.4,1100.0,5070.0,60,327.86,0.2981,al dia,0,0,0
SC-03899,41,3.4,900.0,6390.0,24,375.26,0.417,sin historial,1,1,1
SC-01285,53,6.1,2460.0,9270.0,36,479.27,0.1948,al dia,2,0,0
SC-02082,52,2.3,1200.0,6910.0,60,458.28,0.3819,con atrasos,1,1,0
SC-01804,40,1.1,540.0,2760.0,24,163.3,0.3024,sin historial,2,1,1
SC-01207,58,3.4,970.0,1550.0,36,81.2,0.0837,al dia,0,0,0
SC-00375,45,5.6,2000.0,17320.0,12,1610.39,0.8052,sin historial,3,0,1
SC-02229,36,0.8,450.0,3270.0,48,184.51,0.41,con atrasos,1,1,1
SC-01497,37,1.3,720.0,4320.0,36,238.17,0.3308,sin historial,2,0,1
SC-00292,47,0.9,1250.0,2310.0,24,129.59,0.1037,al dia,2,1,0
SC-03093,57,7.6,1200.0,5730.0,18,401.59,0.3347,con atrasos,1,0,1
SC-00390,41,3.6,910.0,8040.0,36,429.86,0.4724,con atrasos,3,0,1
SC-03573,35,9.3,1280.0,3730.0,18,264.96,0.207,al dia,2,0,0
SC-03032,35,10.1,1080.0,2250.0,24,133.28,0.1234,al dia,1,1,0
SC-03039,50,5.9,770.0,2270.0,24,129.46,0.1681,al dia,2,0,0
SC-03344,27,4.4,760.0,4070.0,24,241.12,0.3173,al dia,2,0,0
SC-03430,32,5.1,1440.0,8840.0,48,489.0,0.3396,al dia,1,1,1
SC-01184,55,1.6,790.0,3390.0,48,193.31,0.2447,sin historial,1,0,0
SC-02093,52,6.8,1000.0,3920.0,36,204.62,0.2046,al dia,2,0,0
SC-03403,49,3.9,770.0,3320.0,36,171.63,0.2229,al dia,0,0,0
SC-00215,43,1.2,500.0,2940.0,48,169.93,0.3399,con atrasos,2,0,1
SC-01017,25,7.0,720.0,2070.0,36,109.32,0.1518,al dia,2,0,0
SC-02758,45,3.4,1480.0,8940.0,24,523.63,0.3538,con atrasos,2,1,1
SC-00411,41,13.8,1160.0,4280.0,24,253.89,0.2189,al dia,1,0,0
SC-01778,35,8.3,490.0,4020.0,48,220.02,0.449,al dia,5,0,0
SC-02744,37,7.0,970.0,4090.0,48,238.65,0.246,sin historial,2,0,0
SC-03775,50,1.0,850.0,2030.0,36,109.01,0.1282,sin historial,4,0,0
SC-00833,21,3.0,690.0,2590.0,24,149.73,0.217,al dia,0,0,0
SC-00180,50,4.2,1100.0,3140.0,36,168.89,0.1535,al dia,1,0,0
SC-00691,35,1.8,1160.0,1810.0,18,125.0,0.1078,sin historial,3,0,0
SC-02685,54,0.4,1050.0,7070.0,60,456.49,0.4348,sin historial,2,1,1
SC-00471,27,2.7,320.0,500.0,48,28.2,0.0881,al dia,2,0,0
SC-00705,42,0.9,870.0,5430.0,48,289.75,0.333,al dia,1,1,0
SC-02224,33,5.8,520.0,3610.0,48,200.6,0.3858,con atrasos,1,0,0
SC-02809,26,3.1,500.0,3070.0,48,174.58,0.3492,sin historial,2,1,0
SC-02818,21,3.0,210.0,1590.0,36,82.88,0.3947,sin historial,2,0,0
SC-01635,63,1.8,1450.0,8490.0,24,505.89,0.3489,sin historial,2,0,0
SC-01076,53,2.2,1280.0,9010.0,36,470.08,0.3672,al dia,2,1,0
SC-03071,37,6.1,710.0,4600.0,24,275.34,0.3878,con atrasos,4,1,1
SC-02219,43,6.5,1180.0,6990.0,60,437.25,0.3706,al dia,1,0,0
SC-01948,47,5.1,470.0,1740.0,12,164.87,0.3508,con atrasos,2,1,1
SC-02487,41,6.3,510.0,1260.0,24,74.23,0.1455,al dia,2,0,0
SC-00064,37,8.5,810.0,3530.0,36,194.59,0.2402,al dia,2,1,0
SC-00770,39,18.9,2110.0,12260.0,24,716.65,0.3396,al dia,1,1,0
SC-02448,30,5.4,480.0,1360.0,48,76.42,0.1592,sin historial,2,0,1
SC-00325,43,11.5,1430.0,10500.0,36,565.79,0.3957,al dia,1,0,0
SC-00820,26,8.0,1360.0,14020.0,60,901.81,0.6631,con atrasos,0,0,1
SC-00781,35,4.6,690.0,2090.0,36,112.8,0.1635,al dia,1,0,0
SC-03009,35,11.1,1200.0,8560.0,24,512.95,0.4275,al dia,4,0,1
SC-01295,38,1.0,730.0,2930.0,24,175.78,0.2408,sin historial,4,0,0
SC-03338,30,12.0,1230.0,5440.0,24,321.05,0.261,al dia,2,0,0
SC-02163,21,3.0,390.0,1180.0,36,63.41,0.1626,al dia,1,1,0
SC-00753,40,22.0,660.0,3370.0,48,184.92,0.2802,al dia,6,0,0
SC-01068,40,0.5,240.0,1010.0,48,57.66,0.2403,sin historial,2,1,0
SC-03249,34,10.3,1020.0,6990.0,24,419.96,0.4117,al dia,3,0,1
SC-01042,26,4.9,220.0,500.0,36,26.18,0.119,al dia,0,1,0
SC-01237,55,5.0,1470.0,2600.0,60,165.75,0.1128,sin historial,4,0,0
SC-02995,41,5.8,260.0,500.0,12,46.28,0.178,sin historial,5,0,0
SC-01721,46,3.3,750.0,1850.0,24,109.96,0.1466,sin historial,1,0,0
SC-02381,41,1.0,800.0,2750.0,24,161.12,0.2014,al dia,0,0,0
SC-00717,55,11.9,870.0,5150.0,36,281.92,0.324,al dia,1,1,0
SC-01136,57,6.6,730.0,1380.0,24,83.19,0.114,al dia,1,1,0
SC-01165,42,4.7,360.0,610.0,24,34.85,0.0968,sin historial,1,0,0
SC-02992,47,9.3,470.0,2990.0,60,196.39,0.4178,al dia,5,0,0
SC-02773,33,13.5,1300.0,7150.0,36,393.41,0.3026,al dia,1,1,0
SC-00551,38,5.6,1030.0,4430.0,36,231.75,0.225,sin historial,3,1,0
SC-01689,41,7.7,1410.0,6910.0,18,484.22,0.3434,con atrasos,0,1,0
SC-00750,40,2.3,540.0,1710.0,12,158.96,0.2944,al dia,1,0,0
SC-01679,31,8.8,830.0,1050.0,48,58.93,0.071,al dia,3,1,0
SC-02636,45,12.3,890.0,9590.0,48,527.65,0.5929,al dia,4,0,1
SC-03534,36,1.9,1360.0,3060.0,18,210.35,0.1547,sin historial,2,1,0
SC-02576,31,5.6,730.0,1670.0,36,83.12,0.1139,sin historial,1,1,1
SC-01460,24,5.4,620.0,3960.0,60,247.65,0.3994,al dia,1,0,0
SC-02446,21,3.0,750.0,5810.0,36,300.29,0.4004,con atrasos,3,0,0
SC-03599,40,8.7,910.0,6010.0,48,344.57,0.3786,al dia,1,0,0
SC-03920,21,3.0,400.0,960.0,24,56.13,0.1403,al dia,1,1,0
SC-02266,24,2.6,440.0,1960.0,24,117.14,0.2662,al dia,1,0,0
SC-00843,51,3.4,880.0,2310.0,36,125.14,0.1422,al dia,2,0,0
SC-03626,46,4.9,810.0,4220.0,48,247.18,0.3052,sin historial,1,0,0
SC-00021,43,2.7,790.0,6100.0,36,325.53,0.4121,al dia,1,0,1
SC-03724,50,3.2,1080.0,2530.0,36,133.96,0.124,al dia,2,0,0
SC-00880,37,5.0,420.0,1630.0,36,86.67,0.2064,al dia,2,0,0
SC-02318,55,7.0,670.0,4900.0,18,342.1,0.5106,al dia,4,0,0
SC-02412,25,7.0,660.0,1120.0,36,59.46,0.0901,al dia,2,0,0
SC-03226,46,4.0,660.0,1700.0,12,159.56,0.2418,al dia,0,1,0
SC-00864,34,7.3,1930.0,6480.0,36,344.22,0.1784,al dia,3,0,0
SC-02330,38,2.8,570.0,5040.0,60,316.08,0.5545,con atrasos,1,0,1
SC-03676,33,1.9,790.0,1960.0,24,114.17,0.1445,al dia,2,0,0
SC-00208,36,8.3,510.0,2560.0,60,161.74,0.3171,con atrasos,3,0,0
SC-00355,46,5.8,960.0,3420.0,12,323.34,0.3368,con atrasos,0,1,0
SC-00952,58,1.1,1490.0,14440.0,36,774.01,0.5195,sin historial,0,0,1
SC-03705,35,5.6,930.0,3100.0,18,217.39,0.2338,al dia,0,0,0
SC-03531,28,5.1,1020.0,4350.0,60,284.16,0.2786,sin historial,3,0,0
SC-02905,43,6.8,860.0,3090.0,18,211.81,0.2463,con atrasos,2,0,1
SC-03305,40,0.4,1040.0,9030.0,18,613.72,0.5901,sin historial,1,0,1
SC-02695,49,5.0,2180.0,38900.0,36,2098.25,0.85,al dia,2,0,1
SC-02960,42,6.8,1510.0,2680.0,60,168.85,0.1118,con atrasos,1,0,0
SC-02541,38,1.8,780.0,1600.0,12,151.2,0.1938,al dia,1,1,0
SC-01074,52,5.1,550.0,2370.0,36,124.83,0.227,al dia,0,0,0
SC-01160,25,7.0,670.0,3010.0,36,157.99,0.2358,al dia,0,1,0
SC-00059,35,3.5,2330.0,5500.0,24,316.44,0.1358,al dia,3,1,0
SC-01327,32,2.5,1200.0,3840.0,18,268.09,0.2234,con atrasos,3,0,0
SC-02878,23,2.0,580.0,1990.0,18,136.59,0.2355,con atrasos,0,0,0
SC-02600,65,2.4,680.0,1880.0,36,100.88,0.1484,sin historial,0,0,0
SC-02655,32,4.7,620.0,4680.0,24,284.15,0.4583,al dia,4,1,1
SC-01618,35,5.2,910.0,600.0,24,35.24,0.0387,con atrasos,0,0,0
SC-01239,36,8.7,900.0,3400.0,24,201.01,0.2233,al dia,4,1,0
SC-02632,29,2.0,880.0,3640.0,36,201.71,0.2292,al dia,2,0,0
SC-02947,38,8.5,1290.0,2710.0,24,160.08,0.1241,al dia,0,0,0
SC-01833,52,2.7,700.0,2520.0,48,141.2,0.2017,con atrasos,2,1,1
SC-03607,33,4.5,2140.0,9600.0,12,905.45,0.4231,con atrasos,2,0,1
SC-01772,23,5.0,900.0,6380.0,12,601.73,0.6686,con atrasos,0,1,1
SC-01365,26,8.0,750.0,3160.0,48,187.13,0.2495,con atrasos,2,1,0
SC-02339,35,3.7,1760.0,13840.0,36,720.51,0.4094,al dia,6,1,1
SC-02979,21,3.0,630.0,2900.0,60,191.78,0.3044,sin historial,3,0,1
SC-02804,44,1.9,810.0,6100.0,24,357.46,0.4413,sin historial,1,1,0
SC-02424,37,8.2,780.0,7250.0,24,419.49,0.5378,con atrasos,2,0,0
SC-02840,25,3.6,540.0,1310.0,18,92.74,0.1717,al dia,0,0,0
SC-02679,43,4.3,1450.0,6470.0,48,374.52,0.2583,sin historial,3,1,0
SC-03092,23,5.0,880.0,3240.0,24,192.98,0.2193,sin historial,0,0,0
SC-01069,40,3.3,610.0,4170.0,36,210.46,0.345,con atrasos,1,0,1
SC-01366,47,5.0,880.0,7010.0,18,488.51,0.5551,al dia,0,1,0
SC-00148,33,6.8,810.0,3430.0,48,192.97,0.2382,al dia,1,0,0
SC-03515,22,1.3,400.0,500.0,12,45.94,0.1148,con atrasos,0,1,0
SC-03234,48,16.9,430.0,2170.0,24,125.79,0.2925,al dia,3,0,0
SC-03749,51,3.6,1110.0,7870.0,36,413.41,0.3724,sin historial,4,0,0
SC-03303,33,13.7,1190.0,4740.0,36,244.87,0.2058,al dia,3,0,0
SC-03509,57,7.7,1050.0,2050.0,24,119.91,0.1142,al dia,1,0,1
SC-02463,57,8.5,970.0,3060.0,24,180.51,0.1861,con atrasos,3,0,1
SC-01821,46,3.7,710.0,1650.0,24,97.35,0.1371,al dia,0,0,0
SC-00453,35,17.0,680.0,3420.0,24,203.55,0.2993,con atrasos,6,0,0
SC-03572,36,0.6,740.0,1660.0,36,87.68,0.1185,al dia,5,0,0
SC-02078,38,3.8,1080.0,9110.0,48,532.41,0.493,al dia,3,1,0
SC-03759,53,15.3,2040.0,15010.0,36,792.31,0.3884,al dia,3,1,0
SC-00193,48,11.8,1000.0,3770.0,48,201.03,0.201,al dia,2,1,0
SC-01623,45,10.2,560.0,810.0,24,47.95,0.0856,al dia,1,0,0
SC-01039,30,3.3,780.0,3430.0,48,197.67,0.2534,sin historial,0,0,1
SC-01770,48,12.2,1270.0,3880.0,36,202.93,0.1598,al dia,1,1,0
SC-02495,43,4.3,1330.0,3880.0,24,226.3,0.1701,al dia,2,0,0
SC-01627,52,1.1,650.0,1950.0,24,114.76,0.1766,al dia,2,0,0
SC-03278,24,6.0,1260.0,5970.0,36,312.85,0.2483,sin historial,2,0,0
SC-02656,32,6.7,1130.0,2820.0,36,147.22,0.1303,al dia,1,0,0
SC-02762,41,9.6,1370.0,5730.0,60,386.95,0.2824,al dia,1,0,0
SC-01304,36,12.4,720.0,1980.0,48,113.0,0.1569,al dia,1,0,0
SC-00627,41,0.8,640.0,2180.0,24,128.38,0.2006,sin historial,0,1,0
SC-01950,42,3.4,530.0,7650.0,24,453.32,0.85,con atrasos,4,1,1
SC-02864,35,2.2,980.0,7450.0,36,408.75,0.4171,sin historial,1,0,0
SC-03245,44,7.8,1910.0,13810.0,12,1287.81,0.6742,al dia,2,0,1
SC-02442,40,4.5,620.0,1650.0,24,96.96,0.1564,con atrasos,3,0,0
SC-00975,49,9.4,1740.0,5420.0,60,350.3,0.2013,al dia,2,0,0
SC-03981,45,2.3,1010.0,2190.0,24,128.99,0.1277,sin historial,3,0,0
SC-03741,24,5.4,470.0,750.0,12,69.5,0.1479,al dia,2,0,0
SC-00151,25,4.5,1400.0,2950.0,48,173.74,0.1241,sin historial,1,1,0
SC-03119,42,5.0,1170.0,3150.0,12,293.71,0.251,al dia,2,0,0
SC-01754,38,7.4,1160.0,1480.0,12,141.16,0.1217,al dia,5,1,0
SC-03842,27,6.9,1890.0,4470.0,24,260.24,0.1377,al dia,1,0,0
SC-03342,47,8.9,1080.0,1730.0,48,97.45,0.0902,con atrasos,1,1,0
SC-03881,21,3.0,300.0,500.0,36,26.86,0.0895,al dia,0,0,0
SC-03211,32,3.1,510.0,1770.0,18,122.51,0.2402,al dia,2,0,0
SC-00485,42,6.8,2240.0,15950.0,36,865.18,0.3862,al dia,3,0,0
SC-01702,21,3.0,620.0,2750.0,24,159.52,0.2573,al dia,1,0,0
SC-01470,61,0.6,1260.0,3770.0,36,199.64,0.1584,al dia,1,0,0
SC-03937,47,4.5,640.0,1500.0,18,104.58,0.1634,al dia,2,1,0
SC-00650,31,1.5,1200.0,3300.0,18,229.45,0.1912,al dia,2,0,0
SC-01722,56,4.1,1300.0,6410.0,36,330.1,0.2539,al dia,3,0,0
SC-03596,44,1.8,630.0,3960.0,24,236.77,0.3758,al dia,2,1,0
SC-02465,39,21.0,2090.0,15720.0,48,907.68,0.4343,al dia,4,0,0
SC-03975,51,16.5,2700.0,22110.0,36,1201.43,0.445,al dia,4,1,0
SC-02496,38,0.7,360.0,2070.0,12,194.84,0.5412,sin historial,1,1,1
SC-03608,32,8.8,500.0,3690.0,24,219.92,0.4398,con atrasos,5,1,0
SC-02767,51,6.2,690.0,1440.0,48,79.89,0.1158,al dia,1,1,0
SC-01749,29,4.4,1390.0,5920.0,36,309.45,0.2226,al dia,0,0,0
SC-02828,40,3.4,620.0,4020.0,36,224.57,0.3622,al dia,2,0,1
SC-01217,27,4.1,450.0,1760.0,24,103.21,0.2293,con atrasos,0,1,0
SC-02441,24,6.0,850.0,6010.0,60,380.52,0.4477,con atrasos,5,0,1
SC-03505,26,4.1,660.0,3220.0,18,224.11,0.3396,al dia,3,0,0
SC-00946,47,1.9,720.0,1250.0,24,73.77,0.1025,sin historial,2,0,0
SC-03933,21,2.2,430.0,650.0,36,34.2,0.0795,al dia,3,0,0
SC-00073,61,8.8,1220.0,1190.0,18,80.52,0.066,al dia,2,1,0
SC-01853,25,1.7,550.0,2760.0,36,149.63,0.272,al dia,2,0,1
SC-03096,37,3.1,630.0,2410.0,48,132.24,0.2099,con atrasos,3,0,1
SC-00459,33,15.0,910.0,2240.0,36,120.74,0.1327,al dia,2,0,0
SC-03713,44,1.2,640.0,4440.0,60,291.1,0.4548,al dia,2,0,0
SC-00763,35,7.0,1180.0,2300.0,36,121.82,0.1032,al dia,2,0,0
SC-00090,23,4.7,1320.0,4640.0,18,324.57,0.2459,sin historial,1,1,0
SC-01698,43,4.7,1950.0,8080.0,60,524.72,0.2691,al dia,3,0,0
SC-03345,39,4.1,1080.0,5510.0,12,510.0,0.4722,sin historial,1,0,1
SC-00018,21,3.0,730.0,10740.0,18,743.23,0.85,al dia,5,0,1
SC-03703,25,4.0,780.0,3980.0,24,241.46,0.3096,al dia,4,0,0
SC-02889,31,4.3,750.0,4480.0,24,262.24,0.3497,al dia,0,0,0
SC-00805,31,5.1,370.0,1600.0,60,99.29,0.2684,sin historial,6,0,0
SC-02262,33,5.2,760.0,2580.0,18,177.33,0.2333,al dia,1,0,0
SC-03752,56,7.1,860.0,4070.0,24,241.24,0.2805,con atrasos,2,1,0
SC-02361,45,8.6,590.0,3380.0,36,183.94,0.3118,al dia,1,0,0
SC-01128,58,6.4,1320.0,10250.0,24,607.1,0.4599,al dia,3,0,1
SC-02715,58,7.8,1400.0,4370.0,36,236.38,0.1688,al dia,1,0,0
SC-00839,56,2.7,520.0,1430.0,12,135.37,0.2603,al dia,4,0,0
SC-01058,31,1.5,280.0,1360.0,60,90.55,0.3234,con atrasos,3,0,1
SC-01287,39,2.1,940.0,2310.0,24,138.12,0.1469,sin historial,1,1,0
SC-00865,70,11.8,1090.0,1810.0,18,128.19,0.1176,con atrasos,1,0,0
SC-03989,42,3.3,830.0,2250.0,18,152.01,0.1831,al dia,1,0,0
SC-02191,42,3.1,440.0,2390.0,36,129.93,0.2953,al dia,1,0,0
SC-02256,55,9.5,530.0,2900.0,24,175.85,0.3318,al dia,3,1,0
SC-00299,32,1.6,430.0,1630.0,18,111.22,0.2586,sin historial,4,1,0
SC-03237,59,10.7,1700.0,12540.0,24,756.35,0.4449,al dia,2,1,0
SC-01294,50,1.8,1080.0,16650.0,36,925.21,0.85,sin historial,1,1,1
SC-03702,30,1.4,310.0,550.0,36,29.58,0.0954,al dia,1,0,0
SC-02096,48,6.7,630.0,2050.0,36,109.54,0.1739,sin historial,3,1,0
SC-01062,30,8.5,310.0,1800.0,36,96.45,0.3111,al dia,2,1,0
SC-01030,21,3.0,440.0,2460.0,36,129.65,0.2947,al dia,0,0,0
SC-02929,38,5.8,1100.0,5260.0,24,312.38,0.284,sin historial,3,1,0
SC-03985,32,8.8,1550.0,4740.0,48,268.57,0.1733,al dia,4,1,0
SC-00399,31,9.7,610.0,1920.0,24,115.44,0.1892,al dia,1,0,0
SC-02800,51,1.2,1690.0,11000.0,36,589.77,0.349,sin historial,2,1,0
SC-02004,21,3.0,390.0,1490.0,48,84.14,0.2157,sin historial,1,0,0
SC-03306,38,11.5,560.0,1780.0,12,167.69,0.2994,sin historial,1,1,1
SC-02586,31,4.9,1370.0,6660.0,12,631.36,0.4608,sin historial,4,0,1
SC-01727,27,6.6,1230.0,5150.0,24,311.49,0.2532,con atrasos,2,0,1
SC-03984,42,4.3,910.0,2950.0,36,158.15,0.1738,al dia,0,1,0
SC-02672,38,4.8,1970.0,4490.0,24,262.47,0.1332,al dia,0,1,0
SC-00396,21,0.3,540.0,1170.0,24,68.83,0.1275,sin historial,0,0,0
SC-00095,39,5.2,730.0,3540.0,18,243.67,0.3338,al dia,1,1,0
SC-03664,21,2.9,1080.0,3260.0,18,228.12,0.2112,sin historial,1,1,0
SC-02902,37,2.3,390.0,6860.0,36,350.15,0.85,con atrasos,3,1,1
SC-03317,42,9.0,1170.0,3830.0,60,247.54,0.2116,sin historial,2,0,0
SC-02294,35,14.0,1540.0,2880.0,48,161.84,0.1051,con atrasos,1,0,0
SC-02701,31,4.2,940.0,4430.0,18,308.73,0.3284,al dia,5,0,0
SC-02022,35,1.3,620.0,1850.0,36,100.65,0.1623,sin historial,1,1,0
SC-02100,29,4.8,700.0,3500.0,24,201.03,0.2872,sin historial,2,0,0
SC-03507,52,8.0,840.0,4120.0,12,387.62,0.4615,con atrasos,2,1,0
SC-02857,44,6.0,1630.0,7980.0,12,752.56,0.4617,sin historial,3,0,1
SC-02838,26,3.8,240.0,1010.0,24,60.3,0.2512,al dia,1,0,0
SC-01730,21,3.0,740.0,2170.0,24,128.01,0.173,al dia,1,1,0
SC-00882,30,1.7,1410.0,5770.0,36,309.83,0.2197,al dia,0,0,0
SC-03999,43,5.0,980.0,5300.0,12,492.91,0.503,al dia,1,1,0
SC-03350,35,1.9,1150.0,4680.0,24,279.03,0.2426,al dia,2,1,0
SC-01432,46,3.2,850.0,6840.0,24,399.45,0.4699,al dia,3,0,0
SC-00662,23,2.2,1290.0,13810.0,24,809.36,0.6274,sin historial,7,0,1
SC-03488,35,12.4,1050.0,4540.0,60,284.03,0.2705,al dia,3,1,0
SC-03861,49,7.0,1790.0,10940.0,18,757.33,0.4231,al dia,3,0,1
SC-02849,36,2.5,960.0,6060.0,36,333.25,0.3471,sin historial,2,0,0
SC-03031,28,4.1,1820.0,4370.0,36,226.04,0.1242,sin historial,2,0,0
SC-00318,36,3.7,1050.0,8660.0,18,598.73,0.5702,al dia,2,0,0
SC-01322,40,14.0,1330.0,5180.0,12,481.14,0.3618,al dia,4,0,0
SC-02821,24,0.9,760.0,3750.0,36,198.41,0.2611,sin historial,4,0,0
SC-02377,48,4.7,930.0,5470.0,18,376.54,0.4049,con atrasos,1,0,1
SC-00948,48,4.5,470.0,3990.0,24,235.67,0.5014,sin historial,3,0,0
SC-02919,47,5.9,1220.0,4180.0,12,397.26,0.3256,con atrasos,3,0,0
SC-00771,30,12.0,870.0,2470.0,24,147.85,0.1699,al dia,1,0,0
SC-01594,61,11.8,1530.0,5730.0,60,353.61,0.2311,sin historial,4,1,0
SC-02143,33,1.4,1600.0,4330.0,24,253.35,0.1583,al dia,0,1,0
SC-03328,38,3.0,460.0,1000.0,24,59.49,0.1293,al dia,1,1,0
SC-00545,43,5.2,950.0,2440.0,60,155.86,0.1641,al dia,1,1,0
SC-03853,29,7.0,950.0,2500.0,18,170.61,0.1796,con atrasos,2,1,0
SC-01597,24,6.0,1100.0,3150.0,24,182.89,0.1663,al dia,2,0,0
SC-03162,30,9.9,2200.0,7360.0,12,692.11,0.3146,al dia,1,0,0
SC-01926,26,2.4,1250.0,13080.0,60,820.35,0.6563,con atrasos,1,1,1
SC-02109,34,4.4,570.0,1930.0,24,116.3,0.204,sin historial,2,1,0
SC-01385,47,1.6,320.0,500.0,60,31.73,0.0992,sin historial,0,1,0
SC-01430,30,2.8,1860.0,4550.0,24,268.74,0.1445,sin historial,2,0,0
SC-00636,39,4.9,1070.0,5100.0,60,325.22,0.3039,sin historial,3,0,1
SC-01333,50,5.1,2140.0,11160.0,36,595.7,0.2784,al dia,4,1,0
SC-01182,26,4.0,500.0,3680.0,48,201.45,0.4029,con atrasos,3,1,1
SC-02176,58,5.1,890.0,1710.0,60,110.08,0.1237,al dia,0,1,0
SC-02844,32,8.9,950.0,5220.0,36,275.32,0.2898,al dia,5,0,0
SC-00109,37,10.8,780.0,9890.0,24,577.21,0.74,al dia,3,0,1
SC-02589,33,2.3,790.0,4030.0,24,240.01,0.3038,sin historial,1,0,1
SC-00947,27,4.6,1730.0,5830.0,60,373.67,0.216,con atrasos,2,1,0
SC-02569,36,6.4,670.0,2170.0,48,123.09,0.1837,con atrasos,1,0,0
SC-01313,21,3.0,610.0,3470.0,36,187.57,0.3075,al dia,1,1,0
SC-02707,55,9.0,1720.0,5170.0,18,359.69,0.2091,al dia,1,0,0
SC-02996,53,2.0,870.0,3650.0,36,192.87,0.2217,al dia,2,0,0
SC-03144,21,1.6,600.0,810.0,24,46.8,0.078,al dia,2,0,0
SC-03941,21,2.3,410.0,1650.0,48,93.29,0.2275,al dia,3,0,1
SC-00140,29,4.3,1270.0,2060.0,18,140.17,0.1104,sin historial,3,1,0
SC-00713,24,4.7,500.0,1370.0,24,84.12,0.1682,al dia,2,0,0
SC-02282,44,5.1,1260.0,4430.0,24,259.13,0.2057,con atrasos,0,1,0
SC-00288,36,3.7,930.0,1090.0,60,71.75,0.0772,sin historial,3,0,0
SC-01789,31,0.8,840.0,8320.0,12,780.36,0.85,sin historial,4,1,1
SC-00824,31,3.9,1020.0,3530.0,24,208.9,0.2048,sin historial,2,0,0
SC-02171,31,9.1,940.0,2950.0,48,166.81,0.1775,con atrasos,0,0,0
SC-01894,41,5.0,1000.0,3900.0,24,224.2,0.2242,al dia,0,0,0
SC-01870,45,2.8,680.0,2260.0,24,131.17,0.1929,al dia,3,0,0
SC-03804,32,2.2,380.0,1260.0,36,65.91,0.1734,al dia,1,0,0
SC-03143,43,9.5,1100.0,4460.0,24,262.88,0.239,al dia,2,0,0
SC-01743,33,4.6,910.0,4600.0,36,241.03,0.2649,con atrasos,2,0,0
SC-03197,22,3.6,780.0,2930.0,60,191.12,0.245,con atrasos,1,0,0
SC-02032,25,7.0,900.0,4700.0,36,245.28,0.2725,sin historial,3,1,0
SC-03495,24,1.7,1030.0,6240.0,36,335.42,0.3257,con atrasos,5,1,1
SC-01225,35,1.7,530.0,1520.0,24,89.41,0.1687,sin historial,1,0,0
SC-03206,29,9.1,1120.0,8770.0,60,535.63,0.4782,al dia,2,0,0
SC-01668,21,2.7,500.0,2940.0,36,155.7,0.3114,al dia,3,0,0
SC-03055,35,4.9,470.0,1860.0,36,101.33,0.2156,al dia,2,0,0
SC-02234,54,10.8,1060.0,1340.0,60,84.37,0.0796,al dia,1,0,0
SC-00526,43,5.3,1340.0,5360.0,36,296.59,0.2213,sin historial,0,1,0
SC-00474,38,4.7,560.0,4330.0,48,250.89,0.448,al dia,1,0,0
SC-02594,53,2.4,640.0,12470.0,24,751.01,0.85,al dia,5,0,1
SC-00507,40,2.7,890.0,2420.0,36,127.1,0.1428,sin historial,2,0,0
SC-02976,28,5.5,1200.0,1600.0,18,111.23,0.0927,con atrasos,1,0,1
SC-02791,43,3.0,600.0,4290.0,12,403.39,0.6723,al dia,4,1,0
SC-01224,28,8.8,700.0,2970.0,24,170.14,0.2431,al dia,2,1,0
SC-00397,35,1.4,840.0,1990.0,60,125.72,0.1497,sin historial,0,0,1
SC-03736,32,3.9,770.0,3360.0,36,182.47,0.237,al dia,1,0,0
SC-00516,39,0.1,600.0,670.0,18,46.34,0.0772,sin historial,1,1,0
SC-01922,44,2.7,920.0,4470.0,18,313.0,0.3402,al dia,0,0,0
SC-02375,24,6.0,380.0,2220.0,18,152.67,0.4018,al dia,2,0,0
SC-03105,53,15.5,1450.0,2030.0,60,126.51,0.0872,al dia,2,1,0
SC-00892,39,8.7,1000.0,12160.0,12,1141.29,0.85,al dia,3,1,1
SC-03612,44,3.6,560.0,2880.0,24,171.33,0.3059,al dia,0,0,0
SC-01265,34,2.0,740.0,6030.0,48,348.82,0.4714,al dia,2,0,1
SC-01715,44,2.7,480.0,2580.0,48,146.9,0.306,sin historial,1,0,0
SC-00878,47,7.7,1060.0,7600.0,18,531.22,0.5012,sin historial,0,1,0
SC-02253,45,9.4,1280.0,4330.0,18,292.08,0.2282,al dia,2,0,0
SC-02668,50,3.9,1160.0,3110.0,24,179.51,0.1548,sin historial,1,0,0
SC-01431,29,11.0,400.0,2890.0,12,272.63,0.6816,al dia,2,0,1
SC-00014,52,11.0,1050.0,2950.0,36,165.94,0.158,al dia,2,0,0
SC-03917,60,6.1,1380.0,3250.0,36,170.93,0.1239,al dia,2,1,0
SC-03122,39,2.6,460.0,2160.0,48,119.28,0.2593,sin historial,1,1,0
SC-03161,61,5.8,700.0,1800.0,24,104.52,0.1493,al dia,0,0,0
SC-02973,41,5.5,780.0,2750.0,36,146.8,0.1882,sin historial,0,0,0
SC-00377,49,2.2,650.0,1460.0,24,86.27,0.1327,al dia,2,0,1
SC-00505,26,8.0,630.0,1990.0,36,107.99,0.1714,con atrasos,2,1,0
SC-02103,31,4.1,1170.0,4020.0,12,379.53,0.3244,al dia,3,1,0
SC-00858,21,3.0,680.0,3990.0,60,250.23,0.368,al dia,3,1,0
SC-00504,27,7.2,470.0,1710.0,48,93.71,0.1994,sin historial,1,0,0
SC-01082,39,4.9,800.0,9920.0,12,935.48,0.85,sin historial,0,0,1
SC-00047,52,3.4,630.0,10430.0,18,714.83,0.85,sin historial,2,0,1
SC-02075,50,1.7,700.0,3300.0,36,176.41,0.252,sin historial,1,1,0
SC-00267,47,6.9,1040.0,11230.0,12,1065.82,0.85,con atrasos,2,1,1
SC-02255,21,3.0,780.0,6170.0,24,356.58,0.4571,sin historial,5,0,1
SC-03543,33,5.2,1120.0,11410.0,24,676.23,0.6038,al dia,0,0,0
SC-01782,30,12.0,1840.0,15680.0,12,1474.25,0.8012,al dia,3,1,0
SC-01023,51,4.7,1460.0,6210.0,36,336.73,0.2306,sin historial,1,1,1
SC-00233,25,2.4,620.0,2760.0,18,193.14,0.3115,sin historial,2,0,0
SC-03241,42,5.8,810.0,2310.0,36,123.6,0.1526,sin historial,3,1,1
SC-03434,43,5.5,420.0,3680.0,36,198.43,0.4725,al dia,0,0,0
SC-03551,33,6.8,550.0,2010.0,48,120.25,0.2186,al dia,2,0,0
SC-03777,36,6.1,650.0,1970.0,18,139.52,0.2146,al dia,2,0,0
SC-02560,26,3.3,580.0,3630.0,18,255.84,0.4411,con atrasos,2,1,0
SC-01190,25,2.9,410.0,890.0,36,47.38,0.1156,al dia,3,1,0
SC-03202,38,3.1,860.0,4760.0,18,333.68,0.388,sin historial,4,0,1
SC-03934,31,5.1,620.0,3690.0,36,198.65,0.3204,al dia,2,0,0
SC-03535,46,7.3,1260.0,3830.0,24,233.9,0.1856,sin historial,1,0,0
SC-01940,55,13.7,1340.0,2970.0,36,161.54,0.1206,al dia,3,1,0
SC-00174,25,7.0,1010.0,4540.0,24,271.17,0.2685,al dia,3,0,1
SC-01166,30,6.8,650.0,1660.0,36,89.16,0.1372,con atrasos,1,0,0
SC-00205,37,3.1,780.0,6610.0,24,391.27,0.5016,sin historial,6,0,1
SC-02671,61,5.0,830.0,3610.0,60,237.23,0.2858,sin historial,2,0,1
SC-02409,30,7.6,1120.0,1200.0,24,70.14,0.0626,al dia,0,0,0
SC-01178,38,8.6,820.0,1140.0,60,72.73,0.0887,al dia,1,0,0
SC-03035,40,2.4,520.0,5470.0,12,516.71,0.85,con atrasos,1,0,1
SC-01163,62,7.3,2810.0,18650.0,36,993.0,0.3534,al dia,2,0,0
SC-00631,47,1.7,1310.0,7660.0,18,542.07,0.4138,al dia,5,0,1
SC-00682,41,0.8,670.0,3100.0,36,165.23,0.2466,sin historial,2,0,0
SC-03906,21,3.0,1480.0,17160.0,36,903.44,0.6104,al dia,1,0,0
SC-02874,51,1.8,980.0,7300.0,24,441.09,0.4501,al dia,3,0,0
SC-03017,43,5.1,1120.0,1990.0,24,119.38,0.1066,al dia,1,0,0
SC-02408,40,2.5,1180.0,5080.0,48,290.49,0.2462,al dia,1,1,0
SC-01741,37,9.2,630.0,1950.0,24,117.16,0.186,con atrasos,1,0,0
SC-00622,38,7.8,1620.0,10540.0,48,598.57,0.3695,al dia,3,1,0
SC-01672,33,9.1,860.0,2950.0,18,209.25,0.2433,al dia,1,1,0
SC-02480,26,3.7,1290.0,3060.0,60,194.09,0.1505,con atrasos,0,0,0
SC-01788,38,2.1,1450.0,2180.0,60,139.38,0.0961,al dia,0,0,1
SC-02748,46,13.7,2390.0,10150.0,18,697.81,0.292,al dia,1,1,0
SC-01293,31,13.0,950.0,2400.0,48,137.13,0.1444,al dia,0,0,0
SC-01107,41,9.6,1320.0,8730.0,36,458.09,0.347,con atrasos,2,0,1
SC-02416,48,2.0,620.0,880.0,18,61.41,0.099,sin historial,1,0,0
SC-02348,29,2.3,490.0,4070.0,36,223.03,0.4552,al dia,0,0,0
SC-01626,35,9.2,1600.0,7530.0,36,406.95,0.2543,con atrasos,2,0,0
SC-00133,42,3.2,580.0,5320.0,60,328.9,0.5671,al dia,3,0,0
SC-02067,21,0.9,680.0,2460.0,36,131.24,0.193,sin historial,0,1,0
SC-01125,36,5.5,910.0,5750.0,24,345.17,0.3793,sin historial,2,0,0
SC-01037,41,5.2,650.0,2840.0,24,169.86,0.2613,sin historial,1,1,0
SC-00645,33,8.5,810.0,2450.0,18,171.08,0.2112,al dia,0,0,0
SC-00779,30,11.0,980.0,2380.0,48,135.57,0.1383,al dia,0,0,0
SC-01878,37,2.7,420.0,1460.0,18,99.55,0.237,sin historial,2,0,1
SC-03904,21,1.9,760.0,3620.0,18,243.7,0.3207,con atrasos,0,0,1
SC-03468,38,2.5,940.0,7550.0,36,391.78,0.4168,con atrasos,5,1,0
SC-01748,51,7.6,590.0,1680.0,18,116.71,0.1978,con atrasos,3,1,0
SC-01927,27,1.8,710.0,6120.0,60,392.23,0.5524,al dia,4,1,1
SC-00221,40,1.4,1930.0,11420.0,12,1067.97,0.5534,al dia,3,1,0
SC-01803,39,5.3,990.0,6940.0,24,398.74,0.4028,al dia,2,0,1
SC-02528,36,2.7,610.0,1390.0,48,76.66,0.1257,al dia,5,1,0
SC-02179,42,3.2,910.0,1270.0,60,81.21,0.0892,sin historial,3,0,0
SC-01826,51,5.4,1450.0,3900.0,48,222.49,0.1534,al dia,1,0,0
SC-00118,35,2.9,990.0,2660.0,36,142.58,0.144,sin historial,3,0,0
SC-03864,32,1.0,420.0,2310.0,18,159.77,0.3804,al dia,2,1,0
SC-01193,33,3.3,680.0,2330.0,24,135.79,0.1997,al dia,2,0,0
SC-02245,37,1.5,760.0,5680.0,36,300.0,0.3947,sin historial,2,0,1
SC-00564,56,2.2,760.0,11660.0,24,698.57,0.85,con atrasos,6,1,1
SC-00723,36,2.4,800.0,2130.0,36,111.89,0.1399,con atrasos,2,0,1
SC-01419,44,6.7,1300.0,5720.0,24,344.19,0.2648,con atrasos,1,0,0
SC-00491,29,1.4,820.0,3370.0,24,201.57,0.2458,sin historial,1,1,0
SC-01071,55,17.1,1280.0,4610.0,36,243.19,0.19,al dia,2,0,0
SC-02853,35,2.0,790.0,4070.0,24,245.73,0.311,sin historial,0,1,0
SC-02427,21,0.7,550.0,2600.0,24,155.06,0.2819,al dia,1,0,0
SC-01701,41,2.0,580.0,2030.0,12,193.61,0.3338,sin historial,4,0,0
SC-02718,23,2.1,670.0,6680.0,24,385.17,0.5749,con atrasos,5,0,1
SC-01735,52,6.0,550.0,3170.0,36,171.12,0.3111,al dia,4,1,0
SC-02611,58,2.6,910.0,2250.0,12,209.41,0.2301,sin historial,2,0,0
SC-03529,60,4.3,1440.0,6300.0,18,428.71,0.2977,al dia,2,1,0
SC-01938,31,2.9,800.0,6150.0,48,343.35,0.4292,sin historial,4,0,0
SC-01681,35,10.3,660.0,6530.0,12,621.63,0.85,con atrasos,3,0,1
SC-02865,26,2.5,490.0,1890.0,36,104.37,0.213,sin historial,5,0,0
SC-01807,24,6.0,900.0,3000.0,36,165.1,0.1834,al dia,6,1,0
SC-02936,21,3.0,620.0,2730.0,36,145.89,0.2353,al dia,4,0,1
SC-02499,27,9.0,920.0,1960.0,36,104.16,0.1132,sin historial,1,0,0
SC-02692,21,1.5,1330.0,12000.0,24,695.75,0.5231,con atrasos,0,1,1
SC-00610,47,6.0,1330.0,3450.0,36,182.5,0.1372,al dia,0,0,0
SC-01771,60,3.6,1240.0,8220.0,12,769.68,0.6207,sin historial,3,0,0
SC-01797,42,1.1,720.0,2430.0,36,126.97,0.1763,al dia,0,0,0
SC-00460,40,7.0,600.0,980.0,18,67.37,0.1123,sin historial,2,0,0
SC-02162,47,3.3,450.0,2690.0,36,144.88,0.3219,al dia,2,0,0
SC-00998,62,9.5,550.0,2720.0,36,147.78,0.2687,al dia,1,0,0
SC-00577,31,4.8,340.0,1100.0,12,102.68,0.302,sin historial,0,0,0
SC-02001,21,3.0,1170.0,1000.0,60,61.89,0.0529,al dia,0,0,0
SC-01164,38,4.7,800.0,4070.0,12,387.66,0.4846,al dia,4,0,1
SC-00020,32,5.3,1320.0,3540.0,48,194.65,0.1475,con atrasos,3,0,0
SC-03717,25,1.8,480.0,2410.0,36,129.23,0.2692,al dia,1,0,1
SC-03074,36,10.4,880.0,4710.0,48,260.03,0.2955,al dia,1,1,0
SC-01636,62,5.1,1410.0,3660.0,24,214.84,0.1524,al dia,2,0,0
SC-02074,39,10.0,800.0,3400.0,18,237.06,0.2963,sin historial,2,0,0
SC-01275,48,3.1,710.0,2130.0,36,112.61,0.1586,al dia,1,1,0
SC-00756,23,4.5,1110.0,2580.0,60,165.28,0.1489,sin historial,2,0,1
SC-00755,49,2.9,440.0,2000.0,36,106.59,0.2422,con atrasos,2,0,0
SC-03218,37,5.8,500.0,1750.0,60,112.27,0.2245,al dia,2,0,0
SC-01328,59,8.7,1730.0,5270.0,60,338.72,0.1958,al dia,0,1,0
SC-00640,45,12.5,1270.0,5730.0,60,345.74,0.2722,al dia,2,0,0
SC-02909,42,11.0,1010.0,3220.0,36,171.44,0.1697,al dia,1,0,0
SC-00044,57,2.6,930.0,7980.0,48,456.76,0.4911,sin historial,2,0,1
SC-00008,48,5.9,2290.0,6360.0,12,599.02,0.2616,al dia,0,0,0
SC-03136,61,3.1,1580.0,8640.0,18,593.53,0.3757,sin historial,2,0,0
SC-02532,26,3.4,350.0,790.0,36,40.88,0.1168,al dia,2,1,0
SC-03372,21,3.0,1050.0,5690.0,24,340.28,0.3241,sin historial,2,0,1
SC-00472,34,5.2,610.0,1420.0,12,134.01,0.2197,al dia,3,0,0
SC-00422,51,2.8,1370.0,4290.0,48,243.3,0.1776,al dia,1,1,0
SC-02459,35,12.8,2340.0,19350.0,36,1015.16,0.4338,al dia,5,1,0
SC-00190,53,1.9,790.0,1560.0,48,86.78,0.1098,al dia,2,1,0
SC-02383,23,4.2,860.0,5650.0,24,334.03,0.3884,sin historial,3,0,1
SC-03087,24,0.7,360.0,1200.0,36,64.08,0.178,sin historial,0,0,0
SC-03884,35,5.5,840.0,2680.0,36,146.25,0.1741,al dia,4,1,0
SC-00906,29,8.6,410.0,2380.0,48,134.32,0.3276,al dia,2,0,0
SC-01873,40,0.8,1390.0,3650.0,48,203.61,0.1465,sin historial,3,0,0
SC-03225,38,5.3,550.0,1720.0,18,117.71,0.214,al dia,2,0,0
SC-02278,32,2.4,430.0,830.0,18,56.96,0.1325,con atrasos,1,1,0
SC-00465,49,2.9,960.0,4360.0,36,233.4,0.2431,sin historial,3,0,0
SC-03983,42,17.9,3020.0,13090.0,24,760.23,0.2517,al dia,2,0,0
SC-01764,52,4.6,750.0,1390.0,18,96.78,0.129,al dia,1,1,0
SC-01692,37,4.0,1230.0,2460.0,12,228.53,0.1858,al dia,0,0,0
SC-01808,47,9.7,830.0,1930.0,12,180.37,0.2173,al dia,2,1,0
SC-02961,41,3.6,460.0,1260.0,24,75.02,0.1631,con atrasos,0,0,1
SC-03163,47,0.9,950.0,3230.0,48,177.42,0.1868,al dia,2,0,1
SC-01436,22,2.1,400.0,6220.0,12,582.83,0.85,sin historial,2,1,0
SC-03913,21,3.0,510.0,3260.0,36,175.88,0.3449,sin historial,1,0,0
SC-02646,47,6.0,960.0,3250.0,48,183.89,0.1916,sin historial,1,1,0
SC-00066,31,6.8,310.0,1150.0,60,73.57,0.2373,al dia,3,1,1
SC-02273,34,4.5,560.0,2880.0,48,165.56,0.2956,con atrasos,2,1,0
SC-01779,44,4.2,1230.0,1110.0,18,75.12,0.0611,al dia,2,0,0
SC-00433,31,3.7,690.0,2920.0,48,165.98,0.2405,al dia,0,0,0
SC-01433,45,14.7,1390.0,2440.0,60,147.56,0.1062,al dia,3,0,0
SC-00102,38,5.9,1030.0,3480.0,48,201.77,0.1959,al dia,0,0,0
SC-00049,41,14.9,650.0,1870.0,18,129.88,0.1998,al dia,1,0,0
SC-03286,31,9.6,650.0,3890.0,24,224.21,0.3449,sin historial,6,0,1
SC-03771,46,5.2,1340.0,5470.0,12,501.91,0.3746,con atrasos,0,0,1
SC-03994,23,5.0,1610.0,3820.0,48,216.84,0.1347,sin historial,2,0,0
SC-00996,42,9.4,760.0,5450.0,18,387.64,0.51,con atrasos,3,1,0
SC-03004,33,1.7,520.0,1860.0,60,117.55,0.2261,al dia,4,0,0
SC-02535,22,3.7,610.0,1770.0,12,164.0,0.2688,sin historial,2,1,0
SC-02040,29,9.3,960.0,1800.0,36,96.6,0.1006,al dia,2,1,0
SC-03235,51,2.9,850.0,9370.0,24,565.45,0.6652,con atrasos,2,0,1
SC-02347,33,8.0,410.0,2180.0,60,134.69,0.3285,con atrasos,2,0,0
SC-01675,45,2.9,820.0,4120.0,60,260.43,0.3176,al dia,1,0,0
SC-00829,51,4.4,360.0,1270.0,36,66.29,0.1841,con atrasos,1,1,0
SC-02504,40,8.0,2270.0,8790.0,36,474.37,0.209,sin historial,3,1,0
SC-01783,51,4.6,970.0,8220.0,48,472.61,0.4872,con atrasos,1,1,0
SC-00130,40,8.8,1010.0,3720.0,24,220.11,0.2179,al dia,3,1,0
SC-00364,36,8.6,370.0,1080.0,36,56.0,0.1513,al dia,0,0,0
SC-02787,37,2.8,830.0,2540.0,18,183.19,0.2207,al dia,1,0,0
SC-00850,47,6.5,570.0,1700.0,36,90.86,0.1594,sin historial,2,0,0
SC-02975,48,5.5,590.0,2740.0,18,188.34,0.3192,sin historial,3,1,0
SC-01671,36,16.8,1290.0,7860.0,36,432.22,0.3351,al dia,4,1,0
SC-00316,27,9.0,1700.0,8610.0,24,514.05,0.3024,con atrasos,3,0,0
SC-03054,21,3.0,700.0,2680.0,36,145.13,0.2073,sin historial,1,0,1
SC-00238,29,8.2,710.0,3800.0,24,224.03,0.3155,al dia,2,1,0
SC-01915,37,4.2,1070.0,6010.0,48,333.97,0.3121,sin historial,2,0,1
SC-03697,43,11.8,810.0,2200.0,48,127.83,0.1578,con atrasos,2,0,0
SC-03146,50,1.4,390.0,1140.0,24,67.67,0.1735,al dia,1,1,0
SC-03645,36,8.8,1460.0,10570.0,48,583.3,0.3995,al dia,3,1,0
SC-02563,31,6.9,450.0,2040.0,36,113.96,0.2532,al dia,2,1,0
SC-02486,41,3.5,1670.0,3650.0,18,256.54,0.1536,sin historial,0,0,0
SC-00523,44,8.5,1270.0,5650.0,36,312.64,0.2462,con atrasos,3,0,1
SC-02987,23,5.0,1210.0,1040.0,18,71.83,0.0594,al dia,1,0,0
SC-03974,37,10.3,1040.0,1340.0,24,79.38,0.0763,al dia,3,0,0
SC-03690,28,0.9,460.0,1730.0,24,103.75,0.2255,sin historial,3,1,0
SC-00055,46,6.6,680.0,4340.0,12,408.88,0.6013,con atrasos,3,0,1
SC-02237,21,3.0,990.0,1610.0,24,95.52,0.0965,sin historial,1,0,0
SC-03433,49,3.8,1210.0,3290.0,36,182.43,0.1508,con atrasos,1,0,1
SC-02411,49,4.2,2200.0,16240.0,48,921.86,0.419,con atrasos,0,1,0
SC-01110,36,5.4,620.0,3130.0,48,173.62,0.28,con atrasos,2,0,1
SC-03649,21,3.0,2650.0,7320.0,36,398.67,0.1504,sin historial,4,0,0
SC-01194,32,2.9,950.0,6360.0,18,450.66,0.4744,sin historial,3,0,1
SC-01482,34,12.4,1100.0,3970.0,36,219.26,0.1993,al dia,1,0,0
SC-00383,40,3.7,180.0,2120.0,18,146.95,0.8164,con atrasos,4,0,1
SC-02259,27,9.0,840.0,4990.0,24,297.28,0.3539,sin historial,1,0,0
SC-03088,25,5.9,1210.0,2850.0,60,181.9,0.1503,con atrasos,3,1,0
SC-00158,25,7.0,1140.0,6510.0,60,419.44,0.3679,con atrasos,2,1,0
SC-03712,39,7.7,730.0,5170.0,36,279.45,0.3828,al dia,1,0,0
SC-03021,47,6.4,1470.0,11280.0,48,620.43,0.4221,al dia,1,0,0
SC-00559,33,6.0,370.0,1130.0,18,77.59,0.2097,al dia,4,0,0
SC-00836,40,6.1,1430.0,7810.0,36,433.28,0.303,al dia,1,1,0
SC-03841,51,9.2,1240.0,4490.0,18,314.13,0.2533,al dia,1,1,1
SC-00464,39,7.9,890.0,2260.0,24,130.73,0.1469,al dia,1,1,0
SC-02310,66,5.9,970.0,2610.0,24,153.08,0.1578,al dia,0,1,0
SC-03709,51,2.5,760.0,5240.0,36,278.74,0.3668,con atrasos,1,1,0
SC-03569,42,6.3,620.0,1930.0,24,112.06,0.1807,al dia,1,0,0
SC-02851,41,0.9,1580.0,8410.0,24,511.73,0.3239,con atrasos,2,0,0
SC-03462,24,6.0,670.0,620.0,36,32.31,0.0482,al dia,1,1,0
SC-02593,40,6.2,840.0,4130.0,24,249.87,0.2975,sin historial,1,0,1
SC-00519,33,2.7,760.0,1780.0,36,93.67,0.1233,sin historial,1,1,0
SC-03363,21,2.8,300.0,970.0,36,51.9,0.173,al dia,1,0,0
SC-01746,42,3.7,740.0,4200.0,60,271.63,0.3671,al dia,1,0,0
SC-02514,51,9.9,1180.0,10850.0,36,573.82,0.4863,al dia,2,0,1
SC-02326,41,3.7,620.0,3000.0,12,283.91,0.4579,sin historial,4,1,1
SC-03540,24,5.4,410.0,2050.0,36,107.77,0.2629,al dia,1,0,0
SC-02517,40,7.5,950.0,1530.0,18,106.56,0.1122,con atrasos,2,0,0
SC-02044,54,3.8,940.0,4270.0,24,257.42,0.2738,con atrasos,3,0,0
SC-00596,44,16.8,760.0,2520.0,18,176.01,0.2316,al dia,0,0,0
SC-01086,37,7.2,1350.0,8720.0,12,812.03,0.6015,sin historial,4,1,1
SC-03718,41,4.2,320.0,1340.0,12,124.61,0.3894,al dia,1,1,0
SC-03801,52,4.4,2780.0,2220.0,24,132.26,0.0476,al dia,4,0,0
SC-02064,33,6.9,1470.0,3350.0,24,198.58,0.1351,al dia,1,0,0
SC-02607,21,3.0,530.0,2420.0,36,132.3,0.2496,al dia,2,0,0
SC-02451,39,5.4,480.0,1930.0,18,133.95,0.2791,al dia,2,0,0
SC-02942,37,1.9,380.0,950.0,36,51.02,0.1343,al dia,1,0,0
SC-00368,55,16.5,930.0,3320.0,18,228.64,0.2459,al dia,2,0,0
SC-01233,38,10.4,920.0,2170.0,48,121.42,0.132,al dia,1,0,0
SC-03410,24,4.3,480.0,820.0,18,56.28,0.1172,al dia,0,0,0
SC-03876,42,4.4,900.0,2540.0,12,235.68,0.2619,sin historial,3,1,0
SC-01555,42,14.0,440.0,1550.0,24,89.68,0.2038,con atrasos,2,0,0
SC-01138,27,9.0,610.0,2020.0,48,114.67,0.188,al dia,0,0,0
SC-03793,27,0.6,820.0,3940.0,36,214.22,0.2612,con atrasos,5,0,0
SC-00098,37,6.6,760.0,1220.0,36,63.24,0.0832,sin historial,2,0,0
SC-00861,28,1.6,700.0,2180.0,18,153.52,0.2193,al dia,4,1,0
SC-00365,31,5.5,1320.0,10380.0,24,593.14,0.4494,al dia,0,1,1
SC-02226,33,0.8,600.0,870.0,60,55.86,0.0931,sin historial,2,1,0
SC-00382,40,0.6,530.0,3270.0,12,305.05,0.5756,al dia,5,0,0
SC-03846,47,3.3,820.0,4500.0,48,248.9,0.3035,sin historial,3,0,0
SC-03674,37,14.6,1440.0,7140.0,24,429.82,0.2985,al dia,4,1,0
SC-03694,31,7.7,680.0,1980.0,36,107.54,0.1581,al dia,0,0,0
SC-00029,26,8.0,650.0,1750.0,18,122.9,0.1891,al dia,0,1,0
SC-01099,49,21.0,1420.0,1890.0,12,175.1,0.1233,al dia,3,0,0
SC-00448,36,4.3,630.0,3790.0,36,199.75,0.3171,sin historial,1,0,1
SC-02468,39,7.1,690.0,3560.0,24,209.14,0.3031,al dia,0,1,0
SC-01734,29,4.6,980.0,2740.0,12,256.02,0.2612,con atrasos,1,1,0
SC-02981,33,8.5,630.0,3120.0,24,185.19,0.294,al dia,3,1,0
SC-00821,21,3.0,300.0,2360.0,18,162.85,0.5428,al dia,6,0,1
SC-03357,27,5.9,980.0,3670.0,60,227.36,0.232,sin historial,1,1,0
SC-02556,41,10.5,1160.0,3600.0,18,251.24,0.2166,al dia,1,0,0
SC-02091,48,1.1,540.0,1910.0,18,133.5,0.2472,sin historial,3,0,0
SC-02795,28,6.4,510.0,1820.0,60,117.19,0.2298,al dia,2,0,0
SC-02837,35,10.1,1210.0,5360.0,18,372.31,0.3077,con atrasos,0,0,0
SC-02335,22,4.0,650.0,5710.0,18,399.83,0.6151,sin historial,0,0,1
SC-03255,34,7.7,580.0,2120.0,48,118.26,0.2039,sin historial,5,0,0
SC-01865,33,5.9,920.0,3330.0,48,187.66,0.204,al dia,3,1,0
SC-03361,48,2.8,1090.0,10300.0,60,649.83,0.5962,al dia,1,0,1
SC-00722,59,5.5,900.0,1320.0,18,92.7,0.103,con atrasos,2,1,0
SC-02873,34,3.6,460.0,1040.0,36,55.53,0.1207,al dia,0,1,0
SC-02117,39,3.2,1130.0,3480.0,18,241.16,0.2134,al dia,1,0,0
SC-02015,35,2.3,1440.0,9350.0,24,542.24,0.3766,al dia,2,1,0
SC-02014,58,4.3,610.0,1180.0,60,75.11,0.1231,al dia,0,0,0
SC-01796,38,2.9,1170.0,4690.0,12,443.63,0.3792,con atrasos,2,0,0
SC-02700,37,3.8,920.0,3610.0,18,250.21,0.272,con atrasos,0,0,1
SC-03588,66,9.4,1130.0,2940.0,24,172.32,0.1525,al dia,2,0,1
SC-02964,40,11.3,1430.0,15650.0,12,1482.08,0.85,al dia,3,1,1
SC-00780,28,7.8,790.0,4580.0,24,267.28,0.3383,con atrasos,1,0,0
SC-03412,47,7.9,410.0,920.0,36,51.65,0.126,sin historial,1,0,0
SC-02336,38,3.1,1460.0,5270.0,18,366.82,0.2512,con atrasos,1,0,0
SC-01024,49,9.5,870.0,8320.0,24,496.46,0.5706,al dia,3,1,1
SC-03481,52,8.4,610.0,2960.0,36,156.68,0.2568,al dia,1,0,1
SC-00005,22,4.0,1140.0,9290.0,36,494.47,0.4337,sin historial,3,1,0
SC-00429,45,2.9,610.0,500.0,24,29.32,0.0481,con atrasos,1,0,0
SC-02311,35,1.4,400.0,1560.0,36,82.9,0.2073,al dia,1,0,1
SC-03882,21,3.0,210.0,1180.0,12,110.15,0.5245,con atrasos,3,1,0
SC-01468,30,5.6,600.0,1900.0,24,111.37,0.1856,al dia,2,1,0
SC-00517,63,4.3,660.0,2580.0,36,141.53,0.2144,con atrasos,0,0,0
SC-02727,36,6.5,1090.0,7120.0,24,418.0,0.3835,al dia,7,0,1
SC-03236,24,6.0,1290.0,4520.0,24,267.46,0.2073,sin historial,1,0,0
SC-03616,43,3.6,370.0,1570.0,36,85.5,0.2311,sin historial,2,0,0
SC-00351,35,2.3,440.0,920.0,60,57.28,0.1302,sin historial,2,1,0
SC-03334,46,4.8,670.0,1280.0,12,120.73,0.1802,al dia,1,0,0
SC-03379,59,3.6,860.0,3940.0,60,251.16,0.292,al dia,1,0,0
SC-01934,34,7.8,1320.0,2120.0,24,123.05,0.0932,al dia,3,1,0
SC-00661,59,3.2,860.0,2230.0,60,138.64,0.1612,sin historial,1,0,0
SC-03631,42,7.7,760.0,1860.0,60,122.31,0.1609,al dia,2,0,0
SC-02866,40,2.7,930.0,2780.0,36,148.62,0.1598,con atrasos,4,1,0
SC-02999,37,2.4,620.0,4870.0,24,285.54,0.4606,sin historial,3,0,0
SC-00900,28,5.9,1110.0,4590.0,48,253.26,0.2282,con atrasos,2,0,1
SC-02112,46,12.9,800.0,1660.0,36,86.95,0.1087,al dia,3,0,0
SC-02839,33,2.0,260.0,500.0,36,25.81,0.0993,sin historial,3,1,0
SC-00159,44,8.9,1110.0,6390.0,24,388.25,0.3498,al dia,1,1,0
SC-01610,21,0.9,760.0,1310.0,18,91.69,0.1206,con atrasos,1,1,0
SC-00384,29,0.4,560.0,2290.0,18,155.84,0.2783,sin historial,5,0,0
SC-02086,54,15.2,920.0,2000.0,36,105.31,0.1145,al dia,2,1,0
SC-01750,40,8.7,550.0,2600.0,48,147.7,0.2685,sin historial,2,1,0
SC-02789,53,8.6,800.0,2870.0,24,170.95,0.2137,al dia,1,0,0
SC-00141,24,1.4,880.0,3030.0,36,159.48,0.1812,al dia,2,1,0
SC-01785,21,3.0,490.0,3810.0,24,224.67,0.4585,con atrasos,8,0,1
SC-00466,51,15.8,1490.0,3890.0,24,228.3,0.1532,al dia,4,0,0
SC-03182,39,0.9,750.0,6000.0,36,318.83,0.4251,al dia,4,0,0
SC-01133,40,9.3,910.0,2740.0,24,162.45,0.1785,al dia,1,0,0
SC-00300,27,2.0,960.0,6850.0,48,390.71,0.407,sin historial,3,0,1
SC-03980,43,3.0,1400.0,4590.0,48,253.9,0.1814,sin historial,1,0,0
SC-00398,37,3.2,980.0,6700.0,24,392.18,0.4002,al dia,4,0,1
SC-01616,49,3.7,790.0,4410.0,36,229.22,0.2901,con atrasos,0,0,1
SC-03193,38,10.6,550.0,1420.0,18,100.01,0.1818,al dia,2,0,0
SC-00935,28,5.3,620.0,1850.0,24,111.87,0.1804,sin historial,1,1,0
SC-00888,44,3.5,700.0,880.0,24,51.77,0.074,al dia,3,0,0
SC-02781,32,5.1,1150.0,4640.0,24,276.73,0.2406,al dia,5,0,0
SC-03069,44,0.7,960.0,1900.0,24,109.04,0.1136,sin historial,3,1,0
SC-02119,42,7.3,940.0,1920.0,18,130.34,0.1387,sin historial,1,0,0
SC-01034,56,8.2,1350.0,6300.0,36,339.91,0.2518,al dia,1,0,0
SC-02362,32,1.0,870.0,2250.0,60,147.45,0.1695,sin historial,1,0,0
SC-03170,35,8.5,460.0,2550.0,36,137.05,0.2979,al dia,1,0,0
SC-01877,36,5.7,800.0,7890.0,36,427.68,0.5346,con atrasos,2,0,1
SC-01049,21,0.5,590.0,1670.0,24,97.21,0.1648,sin historial,2,0,0
SC-03082,32,4.3,1440.0,6500.0,36,338.48,0.2351,con atrasos,1,1,0
SC-02689,54,6.8,920.0,5890.0,36,317.34,0.3449,al dia,0,0,0
SC-01529,41,1.8,580.0,3840.0,36,212.12,0.3657,con atrasos,3,1,0
SC-03304,35,9.9,1090.0,4360.0,24,266.89,0.2449,al dia,0,0,0
SC-00847,35,8.9,740.0,6980.0,60,461.8,0.6241,con atrasos,6,0,1
SC-00252,27,3.2,360.0,3340.0,24,194.95,0.5415,con atrasos,6,0,1
SC-02172,30,6.6,1710.0,6550.0,36,346.54,0.2027,al dia,1,1,0
SC-02726,38,4.8,970.0,2480.0,48,139.42,0.1437,con atrasos,3,0,1
SC-03636,23,5.0,530.0,4380.0,36,233.75,0.441,sin historial,4,0,0
SC-00807,44,4.6,740.0,1470.0,12,138.09,0.1866,al dia,2,0,0
SC-01553,41,2.8,640.0,3160.0,18,218.79,0.3419,sin historial,1,0,0
SC-03138,40,4.0,450.0,2320.0,36,122.15,0.2714,al dia,3,0,0
SC-00716,35,7.8,490.0,5010.0,18,344.89,0.7039,con atrasos,4,0,1
SC-00337,41,8.8,700.0,4400.0,36,237.07,0.3387,con atrasos,1,0,0
SC-01919,44,5.6,1020.0,1540.0,12,143.77,0.1409,al dia,4,1,0
SC-00988,21,1.7,750.0,3230.0,24,186.46,0.2486,al dia,3,0,1
SC-03641,40,6.2,1220.0,2460.0,24,142.06,0.1164,al dia,3,0,0
SC-03165,50,4.4,920.0,5620.0,18,403.05,0.4381,sin historial,3,0,1
SC-00196,51,2.1,1390.0,6520.0,24,392.51,0.2824,al dia,3,0,0
SC-03301,38,20.0,2290.0,8170.0,24,475.41,0.2076,al dia,1,0,0
SC-02501,49,6.4,1390.0,2770.0,18,192.18,0.1383,con atrasos,1,1,0
SC-00282,33,3.3,690.0,8060.0,18,546.01,0.7913,al dia,2,0,1
SC-01045,44,5.7,780.0,830.0,24,49.68,0.0637,sin historial,3,1,0
SC-00280,47,1.9,920.0,2840.0,48,161.94,0.176,sin historial,2,1,0
SC-01760,41,3.8,2160.0,7450.0,24,445.44,0.2062,al dia,2,0,0
SC-00097,49,5.7,1830.0,2480.0,12,235.07,0.1285,sin historial,0,1,0
SC-01522,51,5.6,1640.0,4850.0,48,277.99,0.1695,al dia,2,0,0
SC-00442,31,2.8,890.0,6450.0,24,374.82,0.4211,al dia,3,1,0
SC-01197,40,6.8,2410.0,5520.0,48,312.03,0.1295,al dia,0,0,0
SC-03494,50,4.5,520.0,6580.0,24,377.89,0.7267,al dia,3,0,1
SC-02421,54,3.1,2290.0,19200.0,36,1005.73,0.4392,con atrasos,5,1,1
SC-01043,27,3.2,1070.0,6960.0,24,413.58,0.3865,sin historial,5,1,0
SC-03091,49,2.5,650.0,1780.0,36,92.91,0.1429,sin historial,0,0,0
SC-03438,30,6.3,370.0,1180.0,36,62.06,0.1677,al dia,0,0,0
SC-02269,53,1.7,3290.0,16000.0,36,851.84,0.2589,sin historial,1,1,0
SC-02884,39,1.6,490.0,2920.0,24,171.86,0.3507,al dia,0,1,1
SC-00331,48,7.6,690.0,3510.0,60,214.59,0.311,al dia,3,0,1
SC-00393,21,3.0,1090.0,5530.0,60,357.38,0.3279,sin historial,3,1,0
SC-03198,41,3.7,1330.0,3680.0,18,255.67,0.1922,al dia,3,0,0
SC-03889,38,3.3,810.0,3500.0,48,198.81,0.2454,sin historial,2,0,1
SC-03511,41,3.4,600.0,2000.0,36,107.27,0.1788,sin historial,0,0,0
SC-01516,31,1.8,960.0,6290.0,36,346.55,0.361,con atrasos,3,0,0
SC-00862,31,3.0,820.0,4940.0,24,295.47,0.3603,sin historial,2,0,0
SC-00746,29,5.2,650.0,4350.0,36,229.39,0.3529,al dia,1,0,1
SC-03544,39,5.1,680.0,2010.0,36,105.14,0.1546,al dia,1,0,0
SC-01199,61,5.2,870.0,2180.0,24,129.42,0.1488,al dia,1,0,0
SC-01112,46,1.6,1110.0,3770.0,24,222.26,0.2002,sin historial,0,1,0
SC-00328,50,5.3,1850.0,16610.0,60,1083.32,0.5856,con atrasos,3,0,1
SC-01120,42,7.1,1610.0,3480.0,18,241.81,0.1502,al dia,0,1,0
SC-01904,43,9.9,1550.0,5380.0,24,314.34,0.2028,sin historial,4,1,0
SC-01089,23,1.4,610.0,1560.0,48,87.47,0.1434,sin historial,4,0,0
SC-02538,23,1.7,530.0,3650.0,36,198.21,0.374,al dia,2,0,1
SC-02452,30,5.5,610.0,4270.0,36,226.27,0.3709,con atrasos,3,0,0
SC-01998,29,4.5,630.0,6440.0,36,346.14,0.5494,con atrasos,4,0,1
SC-03496,43,12.5,1060.0,4620.0,36,246.57,0.2326,con atrasos,1,0,0
SC-03821,35,5.1,690.0,3230.0,48,182.34,0.2643,con atrasos,1,0,0
SC-00004,51,1.9,640.0,4760.0,18,327.84,0.5123,sin historial,2,0,0
SC-03451,24,6.0,1060.0,3930.0,12,373.27,0.3521,con atrasos,2,0,1
SC-00595,44,4.5,1060.0,6910.0,48,375.45,0.3542,sin historial,0,0,1
SC-02743,41,4.8,660.0,4930.0,36,264.39,0.4006,al dia,1,0,0
SC-03555,22,4.0,730.0,1390.0,12,130.08,0.1782,al dia,4,0,0
SC-02095,44,2.8,910.0,3090.0,48,170.11,0.1869,al dia,1,0,0
SC-01491,37,2.1,480.0,2350.0,24,139.87,0.2914,sin historial,3,0,0
SC-02754,46,9.4,620.0,1880.0,48,107.46,0.1733,con atrasos,1,0,0
SC-03382,39,4.3,880.0,6680.0,36,359.4,0.4084,al dia,2,0,0
SC-00550,27,3.7,490.0,2730.0,48,156.21,0.3188,con atrasos,3,0,1
SC-00557,43,9.4,700.0,2580.0,48,147.98,0.2114,al dia,3,1,0
SC-01359,27,9.0,640.0,6900.0,24,405.56,0.6337,al dia,2,0,0
SC-03349,55,7.6,450.0,2580.0,48,146.9,0.3264,al dia,1,0,0
SC-00542,38,5.2,700.0,2210.0,36,120.11,0.1716,al dia,0,0,0
SC-01486,26,2.1,910.0,3020.0,48,162.45,0.1785,al dia,6,0,0
SC-00253,55,10.3,890.0,2530.0,12,241.78,0.2717,con atrasos,3,0,0
SC-00265,28,8.3,1410.0,4960.0,36,262.87,0.1864,al dia,4,0,0
SC-03562,32,4.0,1400.0,2840.0,24,164.53,0.1175,al dia,0,0,0
SC-02982,42,4.6,1120.0,3460.0,24,204.38,0.1825,con atrasos,1,0,0
SC-01472,30,9.9,1530.0,3710.0,24,211.11,0.138,sin historial,1,1,0
SC-01235,57,5.3,800.0,3560.0,48,200.72,0.2509,al dia,0,1,0
SC-03902,45,16.5,1100.0,3230.0,36,173.34,0.1576,al dia,1,0,0
SC-01402,46,6.0,1350.0,9580.0,18,666.83,0.4939,sin historial,7,0,1
SC-02968,33,6.5,1620.0,11550.0,48,637.14,0.3933,sin historial,1,0,1
SC-03700,48,7.2,1000.0,2620.0,24,152.8,0.1528,al dia,1,0,0
SC-01159,45,5.1,630.0,3170.0,24,182.74,0.2901,con atrasos,4,0,0
SC-00919,25,4.7,670.0,1130.0,36,61.99,0.0925,al dia,0,0,0
SC-03506,52,1.9,1190.0,19890.0,18,1366.69,0.85,con atrasos,1,0,1
SC-01065,41,13.0,1430.0,7600.0,24,445.83,0.3118,con atrasos,0,0,0
SC-01534,38,3.8,390.0,1170.0,12,109.16,0.2799,con atrasos,0,1,0
SC-02734,27,7.6,1060.0,4270.0,36,223.49,0.2108,con atrasos,2,0,0
SC-00301,38,5.6,390.0,980.0,60,63.82,0.1636,con atrasos,3,0,0
SC-03336,46,5.1,920.0,2880.0,36,148.15,0.161,al dia,1,1,0
SC-02475,53,8.4,530.0,2190.0,60,138.35,0.261,con atrasos,0,0,0
SC-03208,25,3.2,620.0,4610.0,60,288.19,0.4648,al dia,2,0,0
SC-00554,32,10.5,680.0,6080.0,48,340.72,0.5011,con atrasos,2,0,0
SC-01513,33,6.0,700.0,1870.0,36,100.65,0.1438,al dia,0,1,0
SC-03452,34,4.0,520.0,860.0,36,47.13,0.0906,sin historial,1,1,0
SC-01822,40,6.2,810.0,4220.0,36,231.24,0.2855,con atrasos,4,0,1
SC-00468,30,5.6,1060.0,4760.0,24,277.05,0.2614,al dia,1,1,0
SC-00345,38,13.2,1360.0,4860.0,18,337.07,0.2478,al dia,1,0,0
SC-02660,34,2.2,860.0,1360.0,36,70.45,0.0819,sin historial,3,0,0
SC-03843,32,8.5,850.0,3410.0,18,239.52,0.2818,al dia,0,1,0
SC-02721,41,9.2,1440.0,8330.0,36,448.15,0.3112,al dia,2,0,0
SC-02812,43,3.1,1520.0,6910.0,36,368.84,0.2427,sin historial,1,0,0
SC-03205,34,1.6,590.0,3370.0,36,177.29,0.3005,con atrasos,2,1,0
SC-02572,49,0.2,460.0,1580.0,18,108.24,0.2353,sin historial,2,0,1
SC-01418,23,5.0,840.0,5700.0,36,301.96,0.3595,sin historial,0,1,0
SC-02832,53,9.1,1170.0,4570.0,36,240.93,0.2059,al dia,1,0,0
SC-02167,40,1.5,1470.0,1350.0,36,71.25,0.0485,sin historial,0,0,0
SC-01449,34,10.0,1790.0,2850.0,36,153.5,0.0858,al dia,4,0,0
SC-02647,21,3.0,680.0,4740.0,12,446.67,0.6569,sin historial,3,0,1
SC-00167,50,3.9,1090.0,8350.0,48,459.49,0.4216,al dia,1,1,0
SC-01707,48,2.1,730.0,2720.0,60,174.23,0.2387,sin historial,3,1,0
SC-01339,36,2.6,750.0,1420.0,36,75.02,0.1,al dia,3,0,1
SC-02591,38,5.2,780.0,3030.0,24,177.22,0.2272,al dia,2,0,0
SC-01889,42,5.9,1200.0,4530.0,12,425.88,0.3549,al dia,6,1,0
SC-02456,53,3.2,1040.0,5610.0,36,302.04,0.2904,con atrasos,4,1,0
SC-03178,46,1.4,1220.0,11330.0,36,614.93,0.504,sin historial,3,0,1
SC-02148,50,8.1,850.0,6520.0,24,381.8,0.4492,al dia,3,1,0
SC-03742,27,4.9,1410.0,16800.0,12,1604.16,0.85,con atrasos,4,1,1
SC-00440,51,8.4,990.0,7080.0,18,489.02,0.494,al dia,0,0,1
SC-02740,21,3.0,890.0,5040.0,18,356.49,0.4005,con atrasos,4,0,1
SC-00022,21,3.0,620.0,3720.0,36,203.37,0.328,con atrasos,4,1,0
SC-03238,40,3.1,990.0,3180.0,36,174.86,0.1766,sin historial,1,1,0
SC-02702,21,2.5,1370.0,4480.0,18,313.49,0.2288,al dia,2,0,0
SC-01080,31,8.3,1190.0,2610.0,60,165.15,0.1388,al dia,0,0,0
SC-02115,31,11.0,620.0,2150.0,36,112.67,0.1817,al dia,2,0,0
SC-03460,33,1.4,660.0,1700.0,36,92.89,0.1407,al dia,2,0,0
SC-02567,32,1.5,440.0,2810.0,48,154.78,0.3518,con atrasos,2,0,1
SC-02356,27,9.0,840.0,3090.0,60,198.64,0.2365,al dia,1,0,1
SC-01850,57,7.9,970.0,4190.0,48,238.43,0.2458,al dia,1,0,0
SC-03050,21,3.0,340.0,590.0,18,41.0,0.1206,al dia,2,0,0
SC-01228,42,2.6,410.0,1060.0,36,55.0,0.1341,al dia,1,0,0
SC-02471,28,5.6,440.0,810.0,24,47.97,0.109,sin historial,3,0,0
SC-01651,21,3.0,320.0,740.0,36,39.16,0.1224,al dia,1,0,0
SC-00649,38,3.8,760.0,1720.0,24,99.29,0.1306,sin historial,1,0,0
SC-01214,41,3.4,1260.0,4980.0,36,260.16,0.2065,al dia,2,0,0
SC-01545,40,2.5,2060.0,10440.0,12,971.5,0.4716,con atrasos,0,0,0
SC-03795,45,12.6,1250.0,10830.0,36,568.45,0.4548,al dia,2,0,0
SC-00314,68,14.4,1160.0,3230.0,60,205.2,0.1769,al dia,1,1,0
SC-00488,34,1.0,800.0,4970.0,18,345.54,0.4319,sin historial,3,0,1
SC-00230,57,6.5,1110.0,1160.0,36,59.31,0.0534,sin historial,1,0,0
SC-01048,43,3.8,630.0,3590.0,18,250.54,0.3977,al dia,3,0,0
SC-02533,44,1.3,730.0,7060.0,36,376.09,0.5152,sin historial,6,1,1
SC-02153,44,7.5,1190.0,6330.0,36,339.91,0.2856,con atrasos,3,1,0
SC-03116,40,8.3,710.0,1980.0,48,111.9,0.1576,al dia,2,0,0
SC-02830,31,6.0,810.0,4970.0,24,295.29,0.3646,al dia,5,0,0
SC-00287,28,10.0,520.0,1030.0,36,54.13,0.1041,al dia,6,1,0
SC-02372,44,11.4,1190.0,4650.0,36,252.82,0.2125,al dia,2,0,0
SC-01699,38,11.2,1180.0,4070.0,36,215.9,0.183,sin historial,0,0,0
SC-01479,38,5.1,820.0,2530.0,36,138.26,0.1686,al dia,1,0,0
SC-01978,33,3.5,590.0,1190.0,36,63.16,0.1071,al dia,1,1,0
SC-01654,49,6.7,880.0,8640.0,36,456.67,0.5189,con atrasos,3,0,1
SC-02104,27,2.2,760.0,1260.0,48,70.91,0.0933,con atrasos,0,0,0
SC-00811,63,2.3,1610.0,24720.0,18,1728.6,0.85,al dia,1,1,1
SC-01694,32,3.5,770.0,2640.0,48,148.05,0.1923,sin historial,1,1,0
SC-03041,30,3.1,760.0,2590.0,36,134.72,0.1773,al dia,1,0,1
SC-00432,34,2.7,1110.0,2130.0,24,128.85,0.1161,sin historial,1,0,0
SC-03836,38,3.8,590.0,5390.0,24,323.25,0.5479,con atrasos,0,1,0
SC-02793,38,12.7,810.0,1250.0,48,71.07,0.0877,al dia,0,0,0
SC-03134,39,3.6,1100.0,2840.0,18,199.15,0.181,al dia,0,0,0
SC-03912,50,5.7,1220.0,1850.0,24,110.89,0.0909,sin historial,2,1,0
SC-01369,27,7.0,330.0,820.0,36,42.82,0.1298,sin historial,3,0,0
SC-00621,37,7.0,1150.0,6760.0,18,472.01,0.4104,con atrasos,3,1,0
SC-03774,50,10.7,1080.0,3150.0,12,295.93,0.274,sin historial,2,1,0
SC-01521,42,7.1,910.0,3900.0,48,223.8,0.2459,al dia,3,1,0
SC-03047,36,1.3,1500.0,7810.0,36,418.21,0.2788,al dia,0,0,0
SC-03263,32,7.8,400.0,690.0,24,40.52,0.1013,al dia,2,0,0
SC-03477,30,7.1,1050.0,11220.0,24,677.8,0.6455,con atrasos,4,0,1
SC-00937,41,7.4,1200.0,3200.0,24,191.73,0.1598,con atrasos,3,0,1
SC-01206,55,11.3,1090.0,8690.0,36,459.5,0.4216,al dia,1,1,0
SC-01203,62,10.0,740.0,900.0,36,49.9,0.0674,al dia,1,1,0
SC-02784,33,1.5,870.0,2680.0,18,184.1,0.2116,sin historial,2,0,0
SC-00285,21,3.0,550.0,1650.0,36,88.57,0.161,sin historial,2,1,0
SC-03711,36,6.6,530.0,2130.0,48,120.02,0.2264,con atrasos,0,0,0
SC-03959,36,3.8,530.0,1520.0,36,81.02,0.1529,con atrasos,1,0,0
SC-01802,21,3.0,500.0,1890.0,48,107.46,0.2149,al dia,3,0,1
SC-00131,37,4.2,900.0,2780.0,24,161.74,0.1797,al dia,3,1,0
SC-00522,29,1.8,630.0,1820.0,24,106.52,0.1691,sin historial,1,0,0
SC-00956,24,3.2,520.0,2740.0,24,164.96,0.3172,al dia,2,0,1
SC-00914,51,2.8,610.0,6490.0,36,338.74,0.5553,sin historial,2,1,1
SC-00860,56,9.6,770.0,1550.0,24,90.24,0.1172,con atrasos,2,0,0
SC-02034,21,3.0,370.0,1890.0,36,102.92,0.2782,con atrasos,2,1,0
SC-01652,35,1.6,480.0,2030.0,48,117.91,0.2457,sin historial,2,1,0
SC-01316,38,2.1,560.0,4950.0,12,464.09,0.8287,sin historial,2,0,1
SC-01810,26,4.2,550.0,1510.0,48,87.02,0.1582,al dia,1,0,0
SC-02807,40,3.9,680.0,4440.0,36,237.57,0.3494,sin historial,2,0,0
SC-00624,41,4.5,1040.0,7940.0,48,450.51,0.4332,al dia,5,0,0
SC-00689,30,3.3,880.0,3460.0,48,200.92,0.2283,sin historial,1,0,0
SC-02519,52,7.8,1030.0,3660.0,36,190.67,0.1851,con atrasos,2,0,0
SC-01367,46,2.5,930.0,8030.0,12,751.97,0.8086,sin historial,2,1,1
SC-00611,32,1.8,820.0,1620.0,48,94.03,0.1147,al dia,1,0,0
SC-02202,45,6.3,690.0,9390.0,24,545.4,0.7904,sin historial,4,0,1
SC-00463,28,0.6,620.0,1900.0,36,104.03,0.1678,sin historial,5,0,1
SC-01574,21,3.0,430.0,3340.0,36,176.38,0.4102,al dia,1,0,1
SC-00793,38,13.0,730.0,6890.0,12,641.02,0.85,con atrasos,4,0,1
SC-00309,36,8.1,900.0,3470.0,24,202.36,0.2248,al dia,3,0,0
SC-00580,46,4.0,870.0,2190.0,36,119.62,0.1375,al dia,0,0,0
SC-00106,47,4.2,710.0,1330.0,24,75.91,0.1069,al dia,3,0,0
SC-01706,53,14.5,760.0,2580.0,60,166.75,0.2194,al dia,3,0,0
SC-03025,40,4.9,1890.0,8420.0,18,576.77,0.3052,al dia,2,0,0
SC-01012,37,5.7,600.0,1340.0,24,79.42,0.1324,sin historial,3,0,0
SC-01035,22,4.0,450.0,500.0,48,27.51,0.0611,al dia,2,0,0
SC-03666,21,1.6,600.0,3110.0,18,213.3,0.3555,con atrasos,2,1,1
SC-01337,30,3.7,1230.0,4990.0,36,273.12,0.2221,al dia,2,1,1
SC-02038,31,10.3,970.0,3570.0,48,199.51,0.2057,al dia,1,0,0
SC-02500,31,7.8,830.0,2590.0,36,130.98,0.1578,al dia,3,1,0
SC-02407,50,15.6,1210.0,2550.0,36,132.92,0.1099,al dia,1,1,0
SC-02765,49,6.6,630.0,1400.0,36,73.63,0.1169,al dia,1,0,0
SC-02502,21,3.0,470.0,1110.0,24,66.53,0.1416,sin historial,1,0,0
SC-03792,37,4.6,790.0,2600.0,36,141.52,0.1791,sin historial,1,0,0
SC-02130,36,9.8,1540.0,6740.0,48,377.01,0.2448,al dia,1,0,0
SC-02506,21,3.0,260.0,930.0,18,63.7,0.245,con atrasos,2,0,1
SC-00977,25,3.4,470.0,2370.0,60,150.71,0.3207,sin historial,3,1,0
SC-01708,55,4.5,1020.0,3370.0,36,182.56,0.179,al dia,2,0,0
SC-03045,41,1.9,720.0,2360.0,36,124.54,0.173,con atrasos,1,1,0
SC-01819,39,6.7,700.0,4350.0,60,265.28,0.379,sin historial,0,1,0
SC-01174,45,4.6,1050.0,5710.0,36,291.91,0.278,al dia,1,0,0
SC-01341,45,4.2,1170.0,4020.0,48,221.74,0.1895,sin historial,2,0,0
SC-02985,28,3.5,440.0,580.0,48,33.14,0.0753,al dia,3,0,0
SC-02374,45,3.8,680.0,2360.0,18,163.9,0.241,con atrasos,3,0,1
SC-01510,51,1.3,840.0,3240.0,60,197.42,0.235,al dia,0,0,0
SC-01930,22,4.0,390.0,520.0,60,32.86,0.0842,sin historial,2,0,0
SC-03503,50,10.8,1770.0,3590.0,60,238.26,0.1346,al dia,2,1,0
SC-00354,40,5.7,730.0,1610.0,12,150.87,0.2067,al dia,0,0,0
SC-00732,33,8.2,600.0,1970.0,12,184.58,0.3076,con atrasos,1,1,0
SC-01446,21,3.0,520.0,2390.0,60,148.51,0.2856,sin historial,1,0,0
SC-00703,34,11.7,1150.0,7860.0,24,461.87,0.4016,al dia,4,0,0
SC-03370,25,3.4,790.0,4310.0,24,246.05,0.3115,al dia,2,0,0
SC-00161,34,6.5,640.0,3340.0,48,192.49,0.3008,al dia,2,0,0
SC-01386,30,12.0,800.0,6610.0,48,364.17,0.4552,al dia,2,0,0
SC-00502,38,6.4,880.0,4300.0,24,249.78,0.2838,con atrasos,1,1,1
SC-03946,36,5.3,630.0,980.0,18,68.02,0.108,al dia,1,1,0
SC-02190,46,3.5,1010.0,1650.0,12,156.22,0.1547,con atrasos,1,0,0
SC-01008,44,6.9,1220.0,8410.0,18,580.37,0.4757,con atrasos,3,0,1
SC-01891,27,1.7,860.0,5460.0,24,318.91,0.3708,al dia,4,0,1
SC-01288,27,9.0,680.0,2910.0,24,173.04,0.2545,con atrasos,5,1,0
SC-00369,53,4.5,1030.0,2930.0,60,182.42,0.1771,sin historial,0,1,0
SC-03604,43,3.4,420.0,2590.0,36,136.07,0.324,sin historial,1,1,0
SC-01319,29,11.0,980.0,2020.0,48,112.83,0.1151,al dia,4,0,0
SC-00494,35,2.4,1410.0,4900.0,12,463.42,0.3287,al dia,1,1,0
SC-01964,30,2.3,350.0,1010.0,48,58.38,0.1668,sin historial,0,1,0
SC-00334,40,7.0,260.0,820.0,12,76.58,0.2945,sin historial,3,1,0
SC-01476,32,1.2,360.0,500.0,60,31.6,0.0878,sin historial,0,0,0
SC-03049,37,6.5,1250.0,3050.0,48,169.65,0.1357,al dia,2,0,0
SC-01139,41,3.8,780.0,2920.0,12,277.15,0.3553,al dia,2,0,0
SC-01222,25,2.0,810.0,5500.0,48,305.71,0.3774,con atrasos,1,0,0
SC-03729,28,9.6,580.0,1750.0,24,106.45,0.1835,al dia,4,0,0
SC-00381,51,3.1,620.0,4380.0,24,255.58,0.4122,al dia,4,0,1
SC-03099,21,3.0,480.0,1880.0,12,176.5,0.3677,con atrasos,3,1,0
SC-03973,58,7.0,1890.0,4220.0,48,234.37,0.124,al dia,1,1,0
SC-00068,21,3.0,680.0,3310.0,48,190.47,0.2801,con atrasos,2,1,0
SC-02265,52,5.3,1380.0,2190.0,12,202.2,0.1465,sin historial,0,1,0
SC-02417,34,1.6,440.0,1310.0,24,75.1,0.1707,sin historial,1,0,0
SC-01883,27,5.9,750.0,1330.0,36,72.87,0.0972,al dia,3,0,0
SC-00478,28,2.0,1640.0,5320.0,60,334.95,0.2042,al dia,0,0,0
SC-03248,52,1.6,1210.0,2830.0,24,169.97,0.1405,al dia,1,0,0
SC-01173,21,3.0,880.0,2940.0,36,154.11,0.1751,con atrasos,1,0,0
SC-00426,26,4.5,630.0,4520.0,60,284.59,0.4517,sin historial,2,0,0
SC-01334,27,9.0,650.0,3590.0,24,219.07,0.337,sin historial,2,0,0
SC-00200,28,10.0,410.0,980.0,24,57.9,0.1412,al dia,2,0,0
SC-02420,26,3.6,610.0,1440.0,24,85.16,0.1396,al dia,4,0,0
SC-01939,27,5.0,470.0,1770.0,24,104.69,0.2227,al dia,3,1,0
SC-00144,21,3.0,860.0,2320.0,36,124.9,0.1452,al dia,2,0,0
SC-03797,42,11.9,520.0,1400.0,60,88.89,0.1709,al dia,1,0,0
SC-00250,37,9.2,990.0,4840.0,36,262.87,0.2655,al dia,4,1,0
SC-02542,25,3.3,900.0,1690.0,24,95.76,0.1064,al dia,1,0,0
SC-01455,35,4.7,1080.0,1930.0,36,101.31,0.0938,al dia,2,0,0
SC-02574,48,2.0,670.0,3860.0,12,367.6,0.5487,con atrasos,4,0,1
SC-00418,24,3.4,450.0,1010.0,36,55.78,0.124,sin historial,2,0,0
SC-03785,42,1.3,300.0,1030.0,48,58.92,0.1964,sin historial,4,0,0
SC-02881,36,2.6,680.0,6920.0,18,484.77,0.7129,con atrasos,1,1,1
SC-03213,46,1.5,860.0,3300.0,18,228.46,0.2657,al dia,3,0,0
SC-03046,45,5.0,710.0,1760.0,24,104.6,0.1473,al dia,2,0,0
SC-02113,24,6.0,290.0,1070.0,48,60.92,0.2101,al dia,1,0,0
SC-03420,44,8.5,2590.0,15850.0,24,939.42,0.3627,con atrasos,1,0,1
SC-02571,52,1.7,1740.0,5010.0,36,266.38,0.1531,sin historial,3,1,0
SC-01289,36,1.8,700.0,2950.0,36,157.24,0.2246,sin historial,4,1,1
SC-03219,46,0.8,770.0,1970.0,24,114.91,0.1492,al dia,0,0,0
SC-00913,21,3.0,620.0,3160.0,48,171.01,0.2758,al dia,1,1,0
SC-02667,54,10.7,450.0,1820.0,24,105.22,0.2338,al dia,3,0,0
SC-00766,40,6.2,970.0,3890.0,24,227.49,0.2345,al dia,4,1,0
SC-00147,44,3.5,990.0,5990.0,48,342.91,0.3464,al dia,0,1,0
SC-01134,41,0.9,640.0,2330.0,36,124.41,0.1944,con atrasos,0,0,0
SC-00395,38,2.9,500.0,3010.0,36,155.8,0.3116,al dia,1,1,0
SC-02358,41,0.5,1050.0,4160.0,60,264.62,0.252,con atrasos,1,0,0
SC-03772,50,7.6,1600.0,8340.0,24,495.66,0.3098,al dia,4,0,0
SC-00322,32,0.8,1140.0,5910.0,12,550.19,0.4826,sin historial,3,1,0
SC-01958,62,4.5,1000.0,3170.0,36,170.11,0.1701,con atrasos,0,1,0
SC-02272,52,3.8,930.0,850.0,36,45.51,0.0489,sin historial,0,0,0
SC-02547,36,3.3,1340.0,2220.0,24,129.31,0.0965,al dia,1,0,0
SC-03352,54,8.0,1010.0,5910.0,48,340.25,0.3369,sin historial,1,0,0
SC-02072,59,5.6,1060.0,3630.0,24,213.26,0.2012,sin historial,2,0,0
SC-03358,38,4.0,750.0,2670.0,12,253.04,0.3374,con atrasos,3,1,0
SC-00931,39,8.6,860.0,3760.0,24,223.89,0.2603,al dia,2,1,0
SC-02583,28,3.5,570.0,1660.0,24,95.98,0.1684,al dia,2,0,0
SC-01946,46,13.9,1530.0,8420.0,48,455.66,0.2978,al dia,0,1,0
SC-03265,38,10.4,1660.0,5590.0,24,327.93,0.1976,al dia,0,0,0
SC-03068,36,0.8,660.0,1540.0,60,98.81,0.1497,sin historial,1,0,0
SC-00607,26,1.3,670.0,2100.0,36,113.89,0.17,sin historial,3,1,1
SC-00075,30,2.3,1180.0,5180.0,36,278.83,0.2363,con atrasos,3,0,0
SC-01765,38,4.6,730.0,2230.0,36,116.22,0.1592,al dia,1,0,0
SC-01323,26,4.6,420.0,940.0,36,50.23,0.1196,sin historial,1,0,0
SC-01577,66,4.7,1550.0,3390.0,24,201.11,0.1298,al dia,2,1,0
SC-00114,27,5.6,930.0,5780.0,12,551.23,0.5927,al dia,2,1,0
SC-00987,21,3.0,910.0,5580.0,48,316.1,0.3474,con atrasos,3,1,1
SC-03310,31,1.2,850.0,1800.0,48,99.05,0.1165,sin historial,1,0,0
SC-00748,40,3.9,850.0,2500.0,12,237.63,0.2796,sin historial,2,1,0
SC-01864,36,5.3,950.0,2400.0,36,126.9,0.1336,al dia,0,0,0
SC-00223,25,4.3,470.0,1950.0,24,114.89,0.2444,al dia,0,1,0
SC-01349,21,1.3,600.0,800.0,60,51.47,0.0858,sin historial,2,0,0
SC-01503,45,3.1,630.0,2120.0,36,114.19,0.1812,sin historial,1,1,0
SC-02736,30,5.6,1550.0,7550.0,48,417.9,0.2696,sin historial,3,1,0
SC-01666,46,3.0,420.0,2950.0,24,172.74,0.4113,al dia,5,0,0
SC-02580,34,7.4,480.0,2180.0,24,125.76,0.262,sin historial,0,0,0
SC-03392,21,3.0,510.0,1700.0,24,100.05,0.1962,sin historial,3,1,0
SC-00036,42,6.0,1220.0,6330.0,36,351.32,0.288,al dia,3,0,0
SC-00831,43,7.8,860.0,1870.0,24,110.36,0.1283,al dia,3,1,0
SC-02313,34,1.3,610.0,1180.0,12,110.11,0.1805,con atrasos,1,1,0
SC-02788,59,8.0,1260.0,10270.0,36,558.11,0.4429,al dia,0,0,0
SC-01762,49,3.7,1040.0,3680.0,36,198.08,0.1905,al dia,3,0,0
SC-00348,41,10.7,1390.0,6380.0,24,375.61,0.2702,al dia,1,0,0
SC-00168,40,4.4,1490.0,9410.0,24,555.64,0.3729,sin historial,0,0,0
SC-03444,25,2.9,590.0,6280.0,48,351.99,0.5966,sin historial,5,0,1
SC-00117,55,7.9,1170.0,4590.0,36,245.88,0.2102,al dia,0,0,0
SC-00531,43,2.4,770.0,5650.0,24,329.31,0.4277,sin historial,4,1,0
SC-01395,34,3.5,340.0,510.0,24,30.0,0.0882,al dia,1,1,0
SC-01029,35,8.9,450.0,4810.0,48,268.68,0.5971,con atrasos,3,0,1
SC-03816,40,2.5,1090.0,6820.0,36,374.9,0.3439,sin historial,1,0,1
SC-02595,56,7.9,1200.0,16030.0,24,957.22,0.7977,al dia,3,1,0
SC-02944,35,1.6,710.0,5590.0,18,383.18,0.5397,al dia,0,0,0
SC-03037,36,4.4,600.0,2070.0,36,113.66,0.1894,sin historial,3,1,0
SC-03298,35,1.7,610.0,1870.0,18,130.54,0.214,sin historial,2,0,0
SC-02817,36,7.6,1510.0,6570.0,36,337.2,0.2233,al dia,2,1,0
SC-03257,42,11.9,1070.0,11410.0,24,673.57,0.6295,al dia,2,0,1
SC-01780,32,14.0,1220.0,6870.0,24,395.77,0.3244,con atrasos,2,0,0
SC-01026,57,7.6,1210.0,1220.0,24,71.82,0.0594,al dia,0,1,0
SC-00082,35,17.0,810.0,6870.0,18,467.65,0.5773,al dia,2,0,1
SC-03264,43,5.7,1770.0,5790.0,24,346.68,0.1959,sin historial,2,0,0
SC-02031,36,2.7,570.0,960.0,12,90.12,0.1581,al dia,0,0,0
SC-02440,29,10.9,1080.0,4260.0,24,237.07,0.2195,sin historial,3,1,0
SC-03423,40,7.6,2810.0,9430.0,48,539.12,0.1919,al dia,1,0,0
SC-01477,52,11.2,840.0,5800.0,48,341.6,0.4067,al dia,0,0,0
SC-03854,38,2.1,600.0,1930.0,24,113.82,0.1897,sin historial,2,0,0
SC-03439,50,7.3,660.0,5190.0,18,359.74,0.5451,al dia,4,1,0
SC-01478,58,12.2,1140.0,6970.0,48,389.06,0.3413,al dia,0,0,0
SC-02662,53,5.5,1600.0,1740.0,36,92.36,0.0577,al dia,1,0,0
SC-03799,48,8.9,500.0,580.0,12,54.97,0.1099,al dia,4,0,0
SC-02158,46,2.2,1050.0,3390.0,60,216.62,0.2063,sin historial,2,0,0
SC-01887,48,0.5,1380.0,9920.0,12,920.65,0.6671,al dia,5,1,1
SC-03421,43,2.0,800.0,1270.0,24,74.37,0.093,al dia,0,0,0
SC-01630,33,10.4,600.0,2860.0,12,267.37,0.4456,con atrasos,5,0,1
SC-02614,44,6.4,860.0,5210.0,24,306.11,0.3559,al dia,3,1,0
SC-00041,45,2.3,870.0,4200.0,24,250.9,0.2884,al dia,2,1,0
SC-01705,39,2.4,280.0,1260.0,12,117.32,0.419,al dia,5,0,1
SC-03504,25,6.7,640.0,3060.0,36,160.56,0.2509,sin historial,2,1,1
SC-03022,33,1.6,1290.0,4210.0,36,222.68,0.1726,con atrasos,3,0,1
SC-00312,47,8.1,590.0,650.0,36,32.76,0.0555,al dia,0,0,0
SC-01632,41,8.2,1430.0,8170.0,36,427.53,0.299,con atrasos,2,1,0
SC-02359,43,19.8,960.0,1880.0,48,106.09,0.1105,con atrasos,2,0,0
SC-02068,41,7.3,1540.0,7340.0,60,480.36,0.3119,al dia,2,0,0
SC-01427,30,6.4,1080.0,4890.0,36,262.83,0.2434,al dia,1,0,0
SC-02003,40,3.0,470.0,650.0,48,38.66,0.0823,al dia,1,0,0
SC-00358,33,7.6,990.0,3160.0,24,190.51,0.1924,al dia,4,0,0
SC-03681,41,2.8,820.0,4230.0,12,398.62,0.4861,al dia,5,0,1
SC-02312,37,2.4,500.0,1270.0,36,67.68,0.1354,sin historial,4,0,1
SC-01828,28,7.0,1030.0,2750.0,12,256.98,0.2495,al dia,1,0,0
SC-00129,28,9.4,1180.0,5830.0,36,313.36,0.2656,sin historial,2,0,0
SC-01010,34,4.6,580.0,970.0,60,63.58,0.1096,al dia,1,0,0
SC-01814,47,12.7,1560.0,5180.0,24,301.43,0.1932,con atrasos,3,0,0
SC-02390,31,3.8,530.0,1560.0,36,80.99,0.1528,al dia,1,1,0
SC-00658,34,14.2,370.0,1530.0,24,88.84,0.2401,al dia,2,0,0
SC-01247,39,5.8,800.0,1740.0,36,91.78,0.1147,al dia,0,1,0
SC-03680,37,4.4,740.0,2580.0,36,136.4,0.1843,al dia,1,0,0
SC-00202,35,8.1,410.0,3910.0,18,269.5,0.6573,con atrasos,5,0,1
SC-03758,37,5.4,870.0,1690.0,36,88.02,0.1012,al dia,1,1,0
SC-01422,39,4.1,1800.0,4490.0,36,236.96,0.1316,al dia,2,1,0
SC-03378,21,1.8,590.0,13220.0,36,701.92,0.85,sin historial,4,0,1
SC-02769,36,1.2,860.0,2250.0,36,117.38,0.1365,al dia,3,0,0
SC-02425,33,1.2,850.0,970.0,48,57.91,0.0681,al dia,1,0,0
SC-03247,31,4.4,630.0,4050.0,24,238.06,0.3779,al dia,5,1,0
SC-00594,40,5.8,1030.0,2070.0,36,110.85,0.1076,sin historial,1,1,0
SC-00971,22,1.8,470.0,670.0,24,39.72,0.0845,sin historial,3,0,0
SC-00203,27,2.4,360.0,1550.0,48,87.18,0.2422,con atrasos,2,0,0
SC-03321,36,9.2,2130.0,11450.0,18,778.85,0.3657,con atrasos,2,0,0
SC-01975,29,5.3,330.0,580.0,18,40.35,0.1223,al dia,1,1,0
SC-02630,34,6.4,720.0,5170.0,24,306.31,0.4254,al dia,3,1,0
SC-03737,33,5.8,930.0,1930.0,24,114.45,0.1231,con atrasos,0,0,0
SC-02531,45,3.5,890.0,2850.0,12,268.01,0.3011,con atrasos,1,0,0
SC-02398,39,8.0,680.0,3360.0,24,195.29,0.2872,con atrasos,0,0,0
SC-01981,21,3.0,700.0,2060.0,24,119.18,0.1703,sin historial,0,1,0
SC-03869,38,4.9,1240.0,4810.0,48,279.94,0.2258,al dia,1,1,0
SC-03112,44,2.8,830.0,3940.0,60,256.05,0.3085,sin historial,1,1,0
SC-01188,23,5.0,930.0,1640.0,18,111.64,0.12,sin historial,4,0,0
SC-00352,36,4.5,1020.0,3070.0,24,182.32,0.1787,sin historial,4,0,0
SC-01756,21,3.0,870.0,1950.0,24,117.53,0.1351,al dia,2,0,0
SC-01596,29,5.0,660.0,2240.0,48,125.54,0.1902,sin historial,1,0,0
SC-00043,44,6.2,1020.0,4380.0,18,298.21,0.2924,con atrasos,3,1,0
SC-02150,21,3.0,820.0,1370.0,18,95.1,0.116,sin historial,3,0,0
SC-02384,25,2.6,820.0,3700.0,36,204.57,0.2495,al dia,2,0,0
SC-01274,35,0.7,790.0,3190.0,18,214.94,0.2721,sin historial,2,1,1
SC-02183,21,3.0,670.0,3600.0,24,212.03,0.3165,al dia,1,1,0
SC-00575,44,2.3,660.0,4580.0,60,299.96,0.4545,sin historial,1,0,1
SC-01921,38,13.1,1300.0,2540.0,48,144.92,0.1115,al dia,2,0,0
SC-03755,43,9.4,1110.0,5640.0,48,324.07,0.292,al dia,3,1,0
SC-00857,39,11.3,1550.0,10350.0,18,713.15,0.4601,con atrasos,1,0,0
SC-02177,52,4.9,1520.0,3130.0,36,171.48,0.1128,sin historial,3,0,1
SC-03760,31,8.4,1020.0,5750.0,18,397.72,0.3899,al dia,3,0,1
SC-02048,40,5.6,1160.0,7500.0,36,405.72,0.3498,con atrasos,3,1,0
SC-01809,26,4.0,280.0,610.0,18,42.84,0.153,sin historial,0,1,0
SC-03309,39,2.8,600.0,3440.0,18,239.74,0.3996,sin historial,2,1,0
SC-01899,38,3.4,1400.0,2630.0,18,185.38,0.1324,al dia,2,0,0
SC-01847,41,4.1,690.0,4310.0,18,300.6,0.4357,sin historial,1,0,0
SC-00876,41,2.5,1330.0,6730.0,24,398.33,0.2995,sin historial,0,0,0
SC-00104,36,3.5,1010.0,4080.0,24,242.86,0.2405,al dia,4,0,0
SC-02658,52,9.7,1480.0,15840.0,60,965.36,0.6523,con atrasos,6,0,1
SC-00605,44,3.0,850.0,2300.0,36,119.16,0.1402,al dia,5,0,0
SC-03814,29,2.7,400.0,2100.0,24,122.67,0.3067,al dia,3,0,0
SC-01234,43,7.8,660.0,4870.0,36,262.0,0.397,con atrasos,4,0,1
SC-03130,43,10.3,1280.0,8530.0,36,447.22,0.3494,sin historial,2,0,0
SC-01434,36,0.2,460.0,970.0,24,57.69,0.1254,sin historial,1,1,0
SC-00385,41,4.2,470.0,3640.0,18,246.09,0.5236,sin historial,3,0,0
SC-00894,42,8.7,540.0,1340.0,48,78.44,0.1453,al dia,1,0,0
SC-00057,65,3.3,670.0,5590.0,24,326.58,0.4874,con atrasos,2,0,0
SC-00712,35,11.1,1150.0,5700.0,24,323.6,0.2814,al dia,1,0,0
SC-03665,57,5.1,1310.0,6490.0,12,610.78,0.4662,sin historial,2,0,0
SC-00356,52,4.3,1120.0,3980.0,48,227.51,0.2031,al dia,0,0,0
SC-01843,44,3.4,890.0,4370.0,24,258.93,0.2909,con atrasos,2,0,1
SC-01019,30,2.1,1230.0,1440.0,24,85.08,0.0692,sin historial,1,0,1
SC-03480,27,8.5,1160.0,9580.0,18,659.5,0.5685,con atrasos,4,0,1
SC-00308,25,0.4,1120.0,4010.0,48,235.2,0.21,sin historial,2,1,1
SC-00814,35,3.5,1030.0,6410.0,36,324.35,0.3149,sin historial,2,0,0
SC-00042,25,0.6,1040.0,3970.0,36,208.84,0.2008,con atrasos,0,0,0
SC-02657,45,7.6,750.0,4120.0,18,285.98,0.3813,al dia,0,0,0
SC-01406,41,2.9,1170.0,7640.0,24,446.82,0.3819,sin historial,3,1,1
SC-01682,37,3.8,1320.0,5900.0,36,317.68,0.2407,al dia,2,0,0
SC-00883,40,1.3,1310.0,7960.0,12,752.15,0.5742,sin historial,6,1,0
SC-03476,46,9.4,1060.0,4130.0,24,247.02,0.233,al dia,1,0,0
SC-00699,29,7.0,520.0,1910.0,12,181.76,0.3495,con atrasos,4,1,1
SC-02513,36,1.3,950.0,6670.0,36,363.03,0.3821,con atrasos,1,1,0
SC-02604,21,1.5,1010.0,3800.0,18,268.29,0.2656,sin historial,0,0,1
SC-02052,21,3.0,750.0,2210.0,48,132.08,0.1761,al dia,0,0,1
SC-02527,32,1.2,550.0,3550.0,36,186.22,0.3386,al dia,0,0,0
SC-00216,29,1.4,780.0,1120.0,48,64.05,0.0821,sin historial,3,1,0
SC-02147,21,3.0,840.0,5370.0,48,299.42,0.3564,al dia,3,1,0
SC-01371,54,1.8,890.0,3850.0,48,209.75,0.2357,sin historial,2,0,0
SC-01567,44,1.8,870.0,3520.0,24,207.07,0.238,sin historial,1,1,1
SC-03707,38,7.7,600.0,1410.0,24,83.15,0.1386,al dia,1,1,0
SC-03926,39,4.2,620.0,2230.0,36,119.14,0.1922,al dia,3,0,0
SC-02509,37,1.2,1120.0,4740.0,48,258.31,0.2306,sin historial,3,0,0
SC-01517,38,8.9,1590.0,6560.0,24,379.42,0.2386,al dia,4,1,0
SC-01767,21,3.0,860.0,4540.0,36,237.24,0.2759,sin historial,2,1,0
SC-02187,46,2.6,840.0,4950.0,18,346.15,0.4121,sin historial,0,0,0
SC-02602,30,4.8,1380.0,5370.0,24,316.68,0.2295,al dia,1,1,0
SC-01038,40,4.8,890.0,3590.0,18,240.71,0.2705,al dia,0,0,0
SC-01511,38,7.8,410.0,2610.0,24,152.46,0.3719,sin historial,2,0,0
SC-00412,49,0.4,270.0,600.0,60,38.74,0.1435,sin historial,2,0,0
SC-02859,43,4.4,930.0,2870.0,24,175.5,0.1887,al dia,3,0,1
SC-01302,39,2.5,440.0,1400.0,48,78.46,0.1783,sin historial,0,0,0
SC-01297,37,2.1,420.0,1560.0,18,110.44,0.2629,sin historial,1,0,0
SC-02605,33,14.0,510.0,1270.0,24,72.99,0.1431,al dia,1,0,0
SC-02659,31,3.5,470.0,1250.0,24,72.65,0.1546,al dia,4,1,0
SC-03782,24,6.0,760.0,2660.0,48,149.84,0.1972,con atrasos,0,0,0
SC-00759,51,8.0,1880.0,13890.0,24,818.87,0.4356,con atrasos,1,0,0
SC-02705,36,9.1,750.0,1970.0,24,114.55,0.1527,al dia,2,0,0
SC-01318,36,5.6,1440.0,4250.0,36,224.2,0.1557,al dia,2,1,0
SC-00074,28,6.5,810.0,1490.0,18,105.31,0.13,al dia,1,0,0
SC-00026,21,3.0,670.0,2190.0,24,126.34,0.1886,con atrasos,1,1,1
SC-02349,37,2.5,430.0,1500.0,48,85.55,0.1989,con atrasos,2,0,0
SC-01127,38,5.8,520.0,2230.0,36,120.41,0.2316,al dia,1,0,0
SC-01140,30,2.2,430.0,1680.0,24,99.73,0.2319,al dia,4,0,0
SC-00506,49,3.4,1120.0,4890.0,12,452.7,0.4042,sin historial,6,1,0
SC-01561,49,3.8,770.0,3380.0,36,179.86,0.2336,al dia,2,1,0
SC-03875,34,7.9,940.0,1530.0,18,104.36,0.111,al dia,1,0,0
SC-02373,42,6.3,490.0,7330.0,36,388.88,0.7936,al dia,4,1,0
SC-01121,37,5.6,1260.0,4080.0,36,204.52,0.1623,al dia,1,1,0
SC-03614,23,5.0,550.0,1570.0,48,89.78,0.1632,al dia,1,0,0
SC-00587,37,7.4,530.0,1170.0,36,63.02,0.1189,al dia,3,0,0
SC-03077,27,9.0,650.0,1570.0,24,91.59,0.1409,con atrasos,2,0,0
SC-00612,46,13.1,740.0,4140.0,18,286.44,0.3871,al dia,2,0,0
SC-01090,26,3.4,460.0,720.0,18,49.33,0.1072,sin historial,4,1,0
SC-01536,49,12.6,610.0,5790.0,24,344.99,0.5656,al dia,2,0,0
SC-01409,46,4.0,660.0,2290.0,18,158.16,0.2396,con atrasos,1,0,0
SC-00349,57,9.9,1140.0,9610.0,18,662.17,0.5809,al dia,1,0,0
SC-00886,34,10.8,3170.0,7700.0,48,428.12,0.1351,con atrasos,5,1,0
SC-03866,41,1.4,530.0,3870.0,24,232.75,0.4391,al dia,2,0,0
SC-03269,65,9.0,2680.0,8050.0,24,466.87,0.1742,al dia,2,1,0
SC-00783,26,4.7,920.0,2670.0,24,154.51,0.1679,con atrasos,1,0,1
SC-03437,44,2.8,700.0,2720.0,12,255.29,0.3647,sin historial,3,0,0
SC-02608,46,7.0,1490.0,7660.0,36,412.23,0.2767,al dia,1,0,0
SC-00630,38,2.1,570.0,2970.0,36,157.23,0.2758,sin historial,1,0,0
SC-00409,21,1.2,480.0,2250.0,24,133.0,0.2771,sin historial,1,0,0
SC-00165,21,3.0,370.0,1790.0,48,99.81,0.2698,sin historial,3,1,0
SC-03427,42,5.6,1740.0,4080.0,24,239.15,0.1374,sin historial,4,0,0
SC-02337,55,2.3,700.0,2370.0,24,139.23,0.1989,con atrasos,0,0,0
SC-03472,36,1.6,500.0,1520.0,36,81.2,0.1624,sin historial,3,1,0
SC-01970,36,3.8,1110.0,3700.0,24,208.68,0.188,sin historial,2,0,0
SC-01650,21,3.0,500.0,1600.0,60,104.04,0.2081,al dia,4,0,0
SC-03132,48,3.9,440.0,500.0,18,35.02,0.0796,sin historial,3,0,0
SC-01088,42,2.7,470.0,1770.0,48,97.07,0.2065,al dia,3,1,0
SC-03788,27,8.0,1020.0,2750.0,36,150.52,0.1476,al dia,2,0,0
SC-02772,44,2.9,460.0,1040.0,24,60.83,0.1322,al dia,2,0,0
SC-03291,66,8.6,880.0,7370.0,48,432.8,0.4918,al dia,4,0,1
SC-02619,26,6.7,650.0,1830.0,36,100.19,0.1541,al dia,2,0,0
SC-01755,46,11.9,1130.0,2240.0,12,211.2,0.1869,al dia,6,0,0
SC-00295,24,2.4,700.0,720.0,12,67.16,0.0959,al dia,1,0,0
SC-00966,30,6.8,590.0,2270.0,18,160.44,0.2719,al dia,3,0,1
SC-01823,57,9.8,1660.0,4230.0,24,252.37,0.152,al dia,1,1,0
SC-03424,36,4.4,1810.0,9200.0,48,516.04,0.2851,sin historial,2,0,0
SC-02364,39,18.9,1210.0,6360.0,24,375.38,0.3102,al dia,5,0,0
SC-00529,44,12.3,630.0,1380.0,36,73.17,0.1162,al dia,2,0,0
SC-01969,37,7.8,860.0,4020.0,60,260.34,0.3027,al dia,3,1,0
SC-02238,36,11.7,710.0,4780.0,36,260.74,0.3672,al dia,2,0,0
SC-00028,32,9.8,920.0,1510.0,24,88.52,0.0962,al dia,0,0,0
SC-03919,35,5.6,1840.0,4310.0,60,279.72,0.152,al dia,2,1,0
SC-01674,21,3.0,1020.0,3810.0,60,242.94,0.2382,con atrasos,3,0,0
SC-00275,26,8.0,750.0,3770.0,24,219.59,0.2928,al dia,2,1,0
SC-01073,32,6.4,660.0,1870.0,12,175.87,0.2665,sin historial,3,0,0
SC-01075,29,4.7,1220.0,4160.0,12,387.47,0.3176,sin historial,2,1,0
SC-03576,49,12.0,900.0,1820.0,36,100.88,0.1121,al dia,4,0,0
SC-02645,21,3.0,790.0,2490.0,12,235.59,0.2982,sin historial,4,1,0
SC-02555,48,1.5,1140.0,4240.0,36,230.05,0.2018,sin historial,2,0,0
SC-02303,40,0.8,390.0,1360.0,60,92.34,0.2368,sin historial,3,0,1
SC-02934,36,4.2,670.0,6010.0,36,320.92,0.479,con atrasos,1,0,1
SC-00586,32,3.8,460.0,730.0,24,43.48,0.0945,sin historial,1,1,0
SC-00838,54,6.4,1020.0,2260.0,24,136.4,0.1337,al dia,0,0,0
SC-00711,26,5.9,190.0,520.0,18,35.81,0.1885,con atrasos,4,1,1
SC-02980,33,4.8,600.0,2640.0,24,151.71,0.2528,al dia,1,1,0
SC-01251,41,12.3,1060.0,3560.0,24,207.54,0.1958,al dia,1,0,0
SC-01438,40,6.0,840.0,6020.0,48,341.62,0.4067,sin historial,1,0,0
SC-01554,22,4.0,730.0,2590.0,18,177.52,0.2432,al dia,1,0,0
SC-00817,37,2.8,430.0,630.0,18,44.89,0.1044,sin historial,2,0,1
SC-03918,58,11.7,1360.0,5800.0,24,343.51,0.2526,al dia,3,1,0
SC-02577,53,1.5,620.0,2890.0,48,162.89,0.2627,sin historial,3,1,1
SC-00958,27,1.0,470.0,1280.0,60,86.1,0.1832,sin historial,1,0,0
SC-00303,21,3.0,710.0,4710.0,36,256.7,0.3616,con atrasos,1,1,0
SC-03482,38,2.0,520.0,1930.0,12,179.3,0.3448,sin historial,3,0,0
SC-03857,56,15.1,650.0,1950.0,12,183.99,0.2831,al dia,4,1,0
SC-01064,39,6.0,1030.0,7460.0,24,443.76,0.4308,al dia,1,0,0
SC-00873,29,5.3,600.0,1530.0,36,82.48,0.1375,al dia,1,1,0
SC-03464,32,7.9,860.0,5390.0,36,292.82,0.3405,sin historial,4,1,0
SC-03024,21,3.0,950.0,3510.0,18,246.89,0.2599,con atrasos,1,0,0
SC-03107,21,3.0,940.0,2410.0,12,224.08,0.2384,sin historial,7,0,0
SC-00924,51,2.3,590.0,2780.0,48,160.11,0.2714,al dia,0,0,0
SC-00060,34,5.0,450.0,730.0,36,38.73,0.0861,al dia,1,0,0
SC-03188,45,11.0,910.0,5320.0,36,274.49,0.3016,al dia,0,0,0
SC-03620,32,12.2,1330.0,6590.0,12,631.07,0.4745,al dia,0,0,0
SC-01976,36,2.9,1100.0,4360.0,12,404.05,0.3673,con atrasos,0,1,0
SC-00024,42,2.4,1100.0,4290.0,24,249.87,0.2272,sin historial,2,1,0
SC-02624,46,8.6,1120.0,5710.0,36,312.22,0.2788,al dia,0,0,0
SC-00684,37,1.2,1480.0,4210.0,48,234.21,0.1582,al dia,0,1,0
SC-02395,39,5.2,1270.0,11840.0,60,778.49,0.613,con atrasos,2,1,0
SC-03632,45,11.4,710.0,2120.0,36,114.31,0.161,al dia,3,0,0
SC-03691,37,10.7,940.0,2390.0,24,142.76,0.1519,al dia,2,0,0
SC-02057,56,8.7,1660.0,7940.0,48,446.87,0.2692,al dia,2,0,0
SC-00229,34,1.2,710.0,3360.0,60,215.63,0.3037,sin historial,0,1,0
SC-00490,50,3.6,1220.0,8350.0,48,482.21,0.3953,sin historial,0,0,1
SC-03389,36,10.2,450.0,2520.0,36,134.27,0.2984,al dia,2,0,0
SC-00830,45,4.0,620.0,4120.0,24,245.02,0.3952,con atrasos,2,0,0
SC-03179,27,5.1,290.0,740.0,24,43.22,0.149,al dia,4,0,1
SC-00386,29,9.5,1270.0,3720.0,36,189.74,0.1494,al dia,4,0,0
SC-02284,34,1.4,500.0,790.0,48,44.93,0.0899,al dia,3,0,0
SC-00016,21,3.0,590.0,6050.0,18,414.29,0.7022,sin historial,3,1,0
SC-02549,30,2.7,1480.0,10240.0,18,724.77,0.4897,sin historial,6,1,1
SC-03756,32,2.4,1150.0,3490.0,24,205.74,0.1789,al dia,3,0,0
SC-01389,38,1.8,710.0,3040.0,36,158.77,0.2236,al dia,3,1,0
SC-03217,31,8.5,650.0,1520.0,48,84.49,0.13,sin historial,2,1,0
SC-01589,41,3.4,280.0,1870.0,36,98.83,0.3529,al dia,1,1,0
SC-03647,30,3.6,800.0,6720.0,24,384.61,0.4808,sin historial,4,0,0
SC-01752,39,7.0,1020.0,4560.0,24,270.86,0.2656,con atrasos,5,0,0
SC-01151,37,6.6,650.0,2150.0,18,142.5,0.2192,al dia,1,0,0
SC-01305,40,1.4,470.0,1870.0,36,101.19,0.2153,sin historial,1,0,0
SC-01232,48,5.5,770.0,2290.0,36,121.12,0.1573,al dia,1,0,0
SC-01793,36,5.1,1090.0,6700.0,60,427.19,0.3919,al dia,2,0,0
SC-01270,52,3.4,500.0,1700.0,18,118.66,0.2373,al dia,2,0,0
SC-03181,27,1.6,700.0,2760.0,36,152.81,0.2183,sin historial,0,1,0
SC-00498,31,2.4,960.0,2450.0,12,232.27,0.2419,al dia,2,0,0
SC-00353,42,3.8,1810.0,5120.0,36,269.56,0.1489,al dia,1,0,0
SC-01839,35,3.2,790.0,10320.0,60,672.46,0.85,al dia,2,1,1
SC-00002,56,0.6,740.0,4910.0,24,296.72,0.401,con atrasos,1,0,0
SC-00286,29,3.6,1050.0,2770.0,36,143.06,0.1362,sin historial,2,0,0
SC-01647,51,5.3,740.0,1750.0,18,121.99,0.1649,al dia,3,1,0
SC-00784,36,7.5,1010.0,5980.0,36,306.05,0.303,con atrasos,2,0,1
SC-03577,30,8.2,810.0,1810.0,24,106.79,0.1318,al dia,1,1,0
SC-03969,40,3.5,760.0,1010.0,12,96.53,0.127,al dia,3,1,0
SC-02397,37,18.0,660.0,1850.0,24,105.73,0.1602,al dia,1,1,0
SC-00069,41,2.4,790.0,2990.0,48,173.65,0.2198,con atrasos,4,1,0
SC-00404,48,8.5,1310.0,3170.0,24,184.67,0.141,al dia,0,1,0
SC-00798,39,3.3,1130.0,3340.0,12,317.07,0.2806,al dia,2,0,1
SC-03951,44,1.7,580.0,920.0,36,48.35,0.0834,sin historial,0,1,0
SC-03195,40,3.4,1130.0,5900.0,36,307.47,0.2721,al dia,2,1,0
SC-02024,28,1.1,1160.0,1190.0,12,110.35,0.0951,sin historial,3,0,0
SC-00178,25,4.3,700.0,3610.0,48,211.6,0.3023,sin historial,1,0,0
SC-00954,37,3.6,1060.0,5100.0,36,273.09,0.2576,sin historial,1,0,0
SC-02140,30,7.0,680.0,4110.0,12,386.55,0.5685,sin historial,4,1,0
SC-01201,54,6.4,980.0,6700.0,24,395.3,0.4034,al dia,1,0,0
SC-02959,33,3.8,1010.0,11990.0,36,625.94,0.6197,al dia,3,1,1
SC-02301,33,2.8,620.0,2480.0,36,132.29,0.2134,sin historial,3,1,0
SC-01757,21,3.0,980.0,10590.0,24,628.01,0.6408,al dia,3,1,0
SC-01578,32,2.8,1250.0,4010.0,18,278.92,0.2231,al dia,2,0,0
SC-02242,36,7.0,450.0,2700.0,48,149.59,0.3324,al dia,0,0,0
SC-03015,26,8.0,1180.0,3100.0,36,161.22,0.1366,sin historial,2,0,0
SC-01508,51,13.4,1210.0,4570.0,18,314.69,0.2601,al dia,0,0,0
SC-01498,44,7.6,690.0,2910.0,24,171.2,0.2481,sin historial,0,1,0
SC-02847,54,0.2,1290.0,4390.0,24,258.83,0.2006,al dia,1,1,0
SC-00539,47,6.6,790.0,3030.0,24,178.44,0.2259,con atrasos,0,0,0
SC-01331,45,3.1,1110.0,2090.0,36,109.07,0.0983,sin historial,0,0,0
SC-03395,48,14.0,1710.0,8990.0,24,532.97,0.3117,al dia,2,0,0
SC-03663,42,6.9,1140.0,5550.0,36,290.11,0.2545,sin historial,1,1,0
SC-01489,29,4.8,750.0,1010.0,48,57.5,0.0767,con atrasos,3,1,0
SC-02019,32,4.6,420.0,3320.0,36,177.0,0.4214,al dia,3,0,0
SC-01745,49,2.2,470.0,1600.0,36,89.84,0.1911,con atrasos,1,1,0
SC-03673,28,1.9,510.0,2350.0,36,123.79,0.2427,sin historial,2,0,0
SC-02558,37,4.5,550.0,2580.0,24,151.68,0.2758,al dia,1,1,0
SC-03187,42,0.8,620.0,5890.0,48,326.01,0.5258,con atrasos,2,0,1
SC-03290,52,1.7,1140.0,1500.0,24,88.35,0.0775,al dia,3,0,0
SC-03813,21,3.0,860.0,2600.0,36,138.83,0.1614,sin historial,3,0,1
SC-00949,32,10.3,1060.0,2890.0,24,169.5,0.1599,al dia,1,0,0
SC-00511,25,7.0,1680.0,4430.0,60,286.4,0.1705,al dia,4,0,0
SC-01394,41,7.3,630.0,1670.0,36,90.42,0.1435,al dia,2,1,0
SC-01509,38,6.2,880.0,2870.0,36,152.29,0.1731,al dia,3,0,1
SC-02548,44,1.3,560.0,7780.0,18,532.29,0.85,con atrasos,5,1,1
SC-02969,30,3.7,940.0,2010.0,24,118.58,0.1261,al dia,2,1,0
SC-01332,26,3.7,960.0,2500.0,18,179.24,0.1867,al dia,1,1,1
SC-01310,58,11.0,1100.0,9350.0,36,501.26,0.4557,al dia,4,0,0
SC-03176,49,3.8,850.0,3420.0,36,181.46,0.2135,sin historial,1,0,0
SC-02893,61,7.5,2310.0,9230.0,24,546.72,0.2367,con atrasos,2,0,0
SC-03715,42,11.2,1020.0,3600.0,48,201.11,0.1972,al dia,2,1,0
SC-02696,31,1.5,660.0,3420.0,48,192.06,0.291,con atrasos,1,0,1
SC-02503,21,3.0,1070.0,8540.0,24,487.75,0.4558,al dia,2,0,1
SC-02764,35,4.0,330.0,1290.0,18,88.36,0.2678,sin historial,0,1,0
SC-00664,44,6.6,740.0,3160.0,18,218.52,0.2953,al dia,2,1,0
SC-00574,30,3.2,650.0,2350.0,48,132.99,0.2046,sin historial,1,1,0
SC-03063,29,1.7,670.0,830.0,36,44.45,0.0663,sin historial,1,1,0
SC-02521,33,15.0,940.0,3630.0,24,212.18,0.2257,al dia,1,0,0
SC-03458,26,7.2,970.0,2410.0,36,133.48,0.1376,con atrasos,0,1,0
SC-03337,33,6.2,740.0,4600.0,36,238.06,0.3217,al dia,4,0,1
SC-02635,34,5.3,560.0,1360.0,36,72.81,0.13,al dia,0,0,0
SC-02188,55,1.9,1160.0,10130.0,24,595.95,0.5137,con atrasos,2,0,1
SC-02666,37,4.3,720.0,1780.0,24,105.16,0.1461,sin historial,1,0,1
SC-02046,21,3.0,390.0,5000.0,48,290.3,0.7444,sin historial,1,0,1
SC-00283,39,4.6,1190.0,6890.0,18,481.0,0.4042,con atrasos,5,1,0
SC-00259,39,3.0,1280.0,16750.0,36,908.25,0.7096,sin historial,4,0,1
SC-01812,32,10.7,750.0,1160.0,60,76.76,0.1023,al dia,1,0,0
SC-01798,39,10.2,800.0,1040.0,60,65.44,0.0818,al dia,1,0,0
SC-03574,38,1.8,280.0,1090.0,24,65.07,0.2324,sin historial,1,0,0
SC-00726,47,4.9,840.0,4790.0,36,243.29,0.2896,sin historial,2,0,1
SC-01637,34,5.2,840.0,2840.0,24,170.4,0.2029,sin historial,3,1,0
SC-00678,44,6.7,1040.0,10120.0,12,960.24,0.85,sin historial,3,1,1
SC-02640,50,4.8,400.0,1490.0,24,88.9,0.2222,al dia,2,0,0
SC-01153,45,10.7,770.0,3360.0,48,187.97,0.2441,al dia,4,1,0
SC-01347,40,17.5,1420.0,5400.0,60,333.83,0.2351,al dia,4,0,0
SC-00056,36,6.0,330.0,1910.0,36,106.67,0.3232,con atrasos,2,1,0
SC-03832,52,5.1,1700.0,8860.0,36,473.35,0.2784,sin historial,2,0,0
SC-01412,35,10.1,380.0,770.0,60,50.76,0.1336,al dia,1,0,0
SC-02915,35,4.7,500.0,1280.0,24,74.12,0.1482,con atrasos,1,0,1
SC-02215,51,4.6,2030.0,7660.0,24,443.41,0.2184,sin historial,4,0,1
SC-03800,62,8.1,1260.0,5870.0,24,349.03,0.277,al dia,3,0,0
SC-01362,41,5.7,1460.0,8410.0,18,583.84,0.3999,con atrasos,3,0,1
SC-00889,52,2.4,1180.0,7320.0,36,380.58,0.3225,al dia,4,1,0
SC-03175,61,3.9,990.0,4610.0,60,284.15,0.287,al dia,1,1,0
SC-01820,21,1.1,800.0,4410.0,18,299.11,0.3739,sin historial,1,0,1
SC-01973,25,2.7,520.0,6810.0,24,398.15,0.7657,al dia,4,1,1
SC-00715,36,9.7,870.0,2940.0,24,169.89,0.1953,al dia,0,1,0
SC-03605,39,1.9,770.0,2710.0,36,146.17,0.1898,sin historial,0,0,0
SC-01057,48,3.7,810.0,1240.0,18,85.7,0.1058,al dia,1,1,0
SC-02287,29,2.2,670.0,1930.0,18,134.67,0.201,con atrasos,1,1,0
SC-03490,56,1.3,1510.0,21300.0,36,1161.16,0.769,con atrasos,2,1,1
SC-03979,56,3.7,1210.0,6920.0,18,487.67,0.403,al dia,1,0,0
SC-02208,47,8.1,890.0,2000.0,12,186.8,0.2099,con atrasos,0,0,0
SC-00618,46,3.2,1220.0,2520.0,36,136.94,0.1122,al dia,0,0,0
SC-00124,35,2.2,730.0,1510.0,36,82.14,0.1125,con atrasos,3,0,0
SC-03282,30,5.0,830.0,3730.0,48,206.34,0.2486,al dia,0,1,0
SC-00335,28,10.0,1840.0,8460.0,48,473.36,0.2573,con atrasos,3,0,1
SC-02977,45,3.3,330.0,1130.0,36,59.94,0.1816,sin historial,1,0,0
SC-00305,40,1.6,1170.0,2860.0,24,170.6,0.1458,sin historial,0,1,0
SC-00981,35,4.4,1060.0,7030.0,24,414.08,0.3906,con atrasos,4,0,1
SC-03525,31,13.0,2190.0,4150.0,18,284.66,0.13,al dia,1,0,0
SC-04000,44,4.4,830.0,4490.0,36,245.01,0.2952,sin historial,4,0,1
SC-00582,35,4.2,1070.0,4550.0,24,268.15,0.2506,al dia,1,1,0
SC-01617,22,3.8,530.0,1290.0,36,67.44,0.1272,al dia,2,0,1
SC-01195,37,7.6,500.0,6010.0,12,570.13,0.85,con atrasos,3,0,1
SC-01825,48,5.5,680.0,7240.0,60,464.29,0.6828,sin historial,2,0,1
SC-01880,33,6.7,630.0,2000.0,36,102.33,0.1624,con atrasos,2,0,0
SC-01982,32,3.8,1000.0,3270.0,24,194.16,0.1942,al dia,3,0,0
SC-01862,39,6.1,820.0,1030.0,12,96.34,0.1175,con atrasos,1,0,0
SC-01351,29,7.1,620.0,1960.0,12,181.72,0.2931,al dia,1,1,0
SC-00410,35,3.5,890.0,3700.0,18,257.44,0.2893,sin historial,1,0,0
SC-00676,40,15.6,1150.0,6480.0,36,348.66,0.3032,al dia,0,0,0
SC-00298,50,1.3,420.0,1080.0,48,59.77,0.1423,sin historial,1,1,0
SC-00926,50,5.1,700.0,4330.0,48,242.88,0.347,sin historial,0,1,0
SC-00023,40,5.8,780.0,1760.0,36,94.08,0.1206,al dia,2,0,0
SC-02687,61,0.9,1310.0,3530.0,36,189.41,0.1446,sin historial,1,0,0
SC-03400,54,6.1,1850.0,3420.0,12,322.19,0.1742,con atrasos,3,1,0
SC-00729,50,5.2,940.0,2590.0,48,147.71,0.1571,al dia,4,1,0
SC-01308,35,5.3,710.0,1370.0,12,128.39,0.1808,sin historial,3,0,1
SC-00672,42,9.0,780.0,5200.0,12,490.13,0.6284,con atrasos,5,0,1
SC-01673,39,1.3,310.0,3180.0,36,169.76,0.5476,con atrasos,4,1,1
SC-01200,38,4.5,780.0,5410.0,36,288.78,0.3702,con atrasos,0,0,0
SC-03648,34,7.2,2000.0,6250.0,12,597.13,0.2986,sin historial,2,1,0
SC-03874,32,2.3,530.0,4720.0,12,444.4,0.8385,al dia,5,0,1
SC-00294,42,7.9,1360.0,2880.0,48,164.47,0.1209,al dia,2,0,0
SC-03956,21,3.0,530.0,2630.0,36,139.42,0.2631,al dia,0,0,0
SC-00127,25,6.5,490.0,1290.0,36,70.72,0.1443,al dia,1,0,0
SC-02248,25,5.9,1140.0,11200.0,36,595.27,0.5222,con atrasos,3,1,1
SC-02732,50,1.5,770.0,4460.0,48,260.54,0.3384,al dia,2,0,0
SC-02617,39,4.1,770.0,1600.0,24,93.02,0.1208,con atrasos,2,0,0
SC-00693,42,10.0,1930.0,5100.0,18,356.08,0.1845,al dia,5,0,0
SC-00687,42,7.3,940.0,8330.0,36,452.81,0.4817,con atrasos,2,0,0
SC-00818,36,6.3,1050.0,5380.0,24,313.92,0.299,al dia,0,0,0
SC-00217,40,18.5,700.0,2440.0,18,169.51,0.2422,con atrasos,2,1,0
SC-00153,39,3.6,950.0,4560.0,36,238.3,0.2508,sin historial,3,0,0
SC-03173,72,4.1,1830.0,5140.0,36,283.59,0.155,con atrasos,1,1,0
SC-01993,23,5.0,560.0,2050.0,36,107.49,0.1919,sin historial,2,0,0
SC-02923,21,1.0,370.0,980.0,36,52.71,0.1425,con atrasos,1,1,0
SC-02009,21,3.0,830.0,2410.0,18,170.33,0.2052,sin historial,0,0,0
SC-00479,41,4.7,350.0,1860.0,36,100.35,0.2867,sin historial,1,0,0
SC-01283,43,5.3,1360.0,3210.0,24,186.67,0.1373,sin historial,0,1,0
SC-01605,34,6.6,600.0,1470.0,12,137.61,0.2293,al dia,4,0,0
SC-02670,33,4.5,690.0,3180.0,12,293.6,0.4255,con atrasos,1,0,0
SC-01667,48,3.4,1180.0,7060.0,24,415.66,0.3523,al dia,4,1,0
SC-03133,36,3.8,670.0,1220.0,36,64.31,0.096,al dia,3,0,0
SC-00813,61,1.8,590.0,4470.0,36,227.66,0.3859,al dia,1,1,0
SC-00251,36,9.6,700.0,3330.0,48,189.66,0.2709,con atrasos,2,1,0
SC-00844,50,8.1,480.0,1560.0,36,84.27,0.1756,al dia,2,1,0
SC-02126,42,4.3,530.0,1270.0,48,70.97,0.1339,al dia,1,0,0
SC-02970,39,3.5,1110.0,6440.0,48,388.23,0.3498,con atrasos,2,1,0
SC-03693,32,2.7,1180.0,5270.0,24,308.22,0.2612,sin historial,3,0,0
SC-00968,27,4.6,460.0,5250.0,36,279.04,0.6066,con atrasos,2,0,1
SC-03656,57,9.2,880.0,750.0,24,42.06,0.0478,con atrasos,1,0,0
SC-00973,35,8.3,850.0,4150.0,48,234.17,0.2755,al dia,1,1,0
SC-01897,44,4.8,2360.0,4600.0,36,246.8,0.1046,sin historial,2,1,0
SC-02236,42,4.1,550.0,950.0,24,55.75,0.1014,al dia,2,0,0
SC-00247,27,6.2,910.0,3670.0,12,344.82,0.3789,al dia,1,0,0
SC-02204,54,16.5,880.0,3140.0,48,171.41,0.1948,al dia,0,0,0
SC-03863,50,8.0,1400.0,12480.0,12,1190.56,0.85,con atrasos,1,0,1
SC-02742,41,7.9,590.0,2420.0,48,135.8,0.2302,al dia,1,0,0
SC-03030,48,0.7,770.0,1830.0,36,95.95,0.1246,al dia,1,0,0
SC-02332,33,6.9,440.0,1150.0,18,77.62,0.1764,sin historial,4,0,0
SC-03557,34,1.6,860.0,7620.0,36,417.47,0.4854,sin historial,2,0,1
SC-02741,21,3.0,510.0,1760.0,18,121.74,0.2387,sin historial,3,0,0
SC-03018,58,4.2,770.0,1250.0,18,86.52,0.1124,con atrasos,0,0,0
SC-01506,34,12.9,1310.0,7000.0,36,374.27,0.2857,al dia,1,0,0
SC-01346,42,3.7,1060.0,4920.0,12,460.24,0.4342,al dia,3,1,0
SC-03154,28,10.0,500.0,2140.0,36,113.58,0.2272,al dia,4,0,1
SC-00976,47,4.1,1050.0,6600.0,48,373.09,0.3553,sin historial,1,0,0
SC-02845,23,5.0,580.0,3790.0,60,242.3,0.4178,al dia,0,0,0
SC-01646,46,7.6,1580.0,1440.0,60,90.85,0.0575,con atrasos,0,0,0
SC-01680,25,2.7,800.0,1950.0,24,117.48,0.1469,sin historial,1,0,0
SC-03465,26,5.1,350.0,2790.0,36,142.99,0.4086,sin historial,4,0,0
SC-00123,38,10.4,980.0,9870.0,18,686.81,0.7008,con atrasos,2,0,1
SC-01535,34,4.3,1270.0,6030.0,12,569.22,0.4482,al dia,2,0,0
SC-03220,56,7.5,1840.0,7020.0,24,412.26,0.2241,al dia,1,0,0
SC-03356,47,7.2,500.0,790.0,12,74.63,0.1493,al dia,1,1,0
SC-03139,43,4.4,850.0,5730.0,18,397.05,0.4671,sin historial,6,0,0
SC-02101,21,3.0,630.0,2910.0,12,273.32,0.4338,sin historial,3,0,0
SC-00870,35,11.4,880.0,4770.0,24,282.42,0.3209,al dia,1,1,0
SC-03231,27,2.7,880.0,4750.0,24,276.85,0.3146,sin historial,3,0,1
SC-01031,21,3.0,2800.0,24430.0,12,2277.85,0.8135,con atrasos,3,1,1
SC-00757,38,2.4,900.0,9180.0,18,625.68,0.6952,al dia,1,0,0
SC-01999,47,1.6,1150.0,10170.0,36,554.3,0.482,sin historial,1,0,1
SC-01157,33,2.8,570.0,2550.0,18,179.14,0.3143,sin historial,3,1,1
SC-02116,48,3.3,780.0,2220.0,24,135.47,0.1737,con atrasos,4,1,0
SC-03368,41,13.0,970.0,1480.0,60,94.02,0.0969,al dia,3,0,0
SC-00333,21,0.2,340.0,670.0,48,37.77,0.1111,sin historial,7,0,1
SC-01593,32,1.3,880.0,1040.0,48,57.72,0.0656,con atrasos,0,0,0
SC-02385,26,8.0,520.0,1590.0,18,112.41,0.2162,al dia,1,1,0
SC-01576,52,5.7,1320.0,3190.0,60,199.86,0.1514,al dia,1,0,0
SC-02842,45,11.0,360.0,1760.0,24,102.9,0.2858,al dia,4,1,1
SC-00473,38,1.9,490.0,1720.0,48,97.62,0.1992,sin historial,1,1,0
SC-00902,24,1.8,580.0,820.0,24,47.75,0.0823,sin historial,2,1,1
SC-00866,26,2.3,670.0,5070.0,24,294.55,0.4396,sin historial,3,1,1
SC-02526,35,9.4,680.0,1920.0,36,100.2,0.1473,al dia,3,1,0
SC-01330,34,1.0,440.0,3080.0,36,167.02,0.3796,al dia,1,0,0
SC-01343,44,0.7,1300.0,6250.0,24,377.4,0.2903,sin historial,4,0,1
SC-00742,44,9.9,770.0,4100.0,18,280.43,0.3642,al dia,3,1,0
SC-03686,48,5.9,720.0,2490.0,36,132.95,0.1847,con atrasos,0,0,0
SC-03485,48,8.8,1860.0,2810.0,36,149.96,0.0806,al dia,0,1,0
SC-02181,42,11.7,1660.0,6190.0,18,430.33,0.2592,con atrasos,0,0,0
SC-03692,21,3.0,1010.0,3210.0,24,188.11,0.1862,al dia,1,0,0
SC-03322,23,5.0,520.0,4450.0,48,251.87,0.4844,al dia,6,1,1
SC-01629,24,6.0,1030.0,4890.0,24,285.4,0.2771,al dia,2,1,0
SC-02967,52,4.9,750.0,3170.0,24,186.42,0.2486,sin historial,1,0,0
SC-02439,33,4.5,1070.0,5750.0,36,299.88,0.2803,al dia,3,1,0
SC-01150,21,3.0,690.0,1370.0,36,74.16,0.1075,sin historial,2,0,0
SC-03221,31,9.1,1370.0,3120.0,18,219.65,0.1603,al dia,1,0,0
SC-03351,32,6.4,1150.0,5450.0,36,292.16,0.2541,con atrasos,1,0,0
SC-00257,33,8.5,430.0,1900.0,48,107.0,0.2488,al dia,4,1,0
SC-03954,21,3.0,970.0,5720.0,36,309.1,0.3187,con atrasos,3,0,0
SC-00634,35,7.0,680.0,1440.0,36,77.8,0.1144,sin historial,1,0,0
SC-02338,21,2.3,390.0,1130.0,12,106.31,0.2726,con atrasos,2,0,0
SC-03183,32,10.7,890.0,4600.0,48,271.51,0.3051,sin historial,2,1,0
SC-00778,41,0.7,430.0,2920.0,36,153.69,0.3574,sin historial,6,1,0
SC-03124,21,2.2,290.0,2580.0,36,140.35,0.484,sin historial,0,1,1
SC-02102,32,1.0,980.0,1630.0,24,96.42,0.0984,sin historial,1,0,0
SC-00558,45,4.5,780.0,2160.0,24,126.04,0.1616,sin historial,1,0,1
SC-03689,50,2.0,1010.0,4180.0,18,289.2,0.2863,con atrasos,4,0,1
SC-01986,45,7.0,950.0,3060.0,36,162.72,0.1713,con atrasos,2,1,0
SC-02089,37,9.2,1350.0,6920.0,24,407.92,0.3022,sin historial,1,1,0
SC-00262,33,9.0,700.0,2160.0,36,115.43,0.1649,con atrasos,0,0,0
SC-02132,45,3.2,1810.0,8090.0,48,445.97,0.2464,al dia,1,0,0
SC-03961,39,2.8,1230.0,7520.0,18,516.26,0.4197,al dia,1,1,0
SC-03216,28,5.2,1430.0,4930.0,48,272.94,0.1909,al dia,1,0,0
SC-01890,37,2.7,1150.0,6320.0,36,340.76,0.2963,con atrasos,2,0,1
SC-02684,32,14.0,670.0,2870.0,36,154.91,0.2312,al dia,2,1,0
SC-02079,27,3.0,880.0,1680.0,12,157.03,0.1784,sin historial,1,0,0
SC-03210,29,4.0,680.0,1900.0,24,113.5,0.1669,al dia,2,1,0
SC-03638,21,3.0,430.0,2910.0,24,170.92,0.3975,con atrasos,3,0,1
SC-00209,36,5.6,900.0,12550.0,36,657.48,0.7305,sin historial,4,1,1
SC-03546,33,7.9,570.0,2200.0,18,156.11,0.2739,con atrasos,0,0,0
SC-01914,41,8.0,500.0,1770.0,48,101.39,0.2028,al dia,1,1,0
SC-01607,47,9.9,960.0,2310.0,36,120.07,0.1251,sin historial,0,0,1
SC-01021,21,3.0,360.0,1890.0,12,178.83,0.4967,al dia,4,0,1
SC-03545,50,5.3,1070.0,7590.0,24,437.01,0.4084,al dia,1,0,1
SC-01404,38,2.4,770.0,3280.0,24,198.59,0.2579,al dia,2,0,0
SC-02709,46,4.0,300.0,1760.0,36,92.55,0.3085,al dia,0,0,1
SC-02097,53,6.5,1560.0,3510.0,24,202.92,0.1301,al dia,0,1,0
SC-00210,46,0.6,1840.0,5000.0,18,350.89,0.1907,al dia,1,1,0
SC-00154,55,4.1,600.0,2030.0,12,189.58,0.316,con atrasos,2,0,0
SC-03048,32,3.3,750.0,2970.0,24,176.77,0.2357,sin historial,1,0,0
SC-01591,55,12.1,460.0,2080.0,36,113.07,0.2458,al dia,3,0,0
SC-02443,44,5.8,1350.0,1320.0,48,76.21,0.0565,al dia,1,0,0
SC-01148,30,2.5,1040.0,4050.0,36,211.74,0.2036,sin historial,3,1,0
SC-01968,23,5.0,840.0,2190.0,36,117.72,0.1401,al dia,1,0,0
SC-02317,52,1.8,850.0,5580.0,48,323.79,0.3809,al dia,2,1,0
SC-02434,32,2.4,970.0,3760.0,60,245.35,0.2529,con atrasos,3,0,0
SC-01634,38,4.4,560.0,2650.0,18,186.05,0.3322,al dia,4,0,1
SC-02090,26,6.4,1080.0,11840.0,36,636.91,0.5897,con atrasos,1,0,0
SC-00598,62,2.6,1660.0,2310.0,18,159.24,0.0959,al dia,1,0,0
SC-01932,30,3.3,670.0,3110.0,24,184.63,0.2756,al dia,2,0,0
SC-01657,49,5.4,1330.0,8280.0,36,427.36,0.3213,con atrasos,1,1,0
SC-00681,38,6.7,1210.0,1780.0,18,124.14,0.1026,al dia,0,0,0
SC-02917,33,3.6,750.0,5810.0,36,305.03,0.4067,al dia,4,1,1
SC-03892,28,10.0,760.0,2310.0,48,129.85,0.1708,al dia,2,1,0
SC-01566,53,3.5,910.0,1230.0,36,66.83,0.0734,sin historial,0,1,0
SC-02869,31,9.3,1580.0,5150.0,36,276.66,0.1751,al dia,2,1,0
SC-01329,46,5.7,850.0,2520.0,36,139.17,0.1637,al dia,1,0,0
SC-02088,37,9.0,670.0,3350.0,48,183.86,0.2744,al dia,1,1,0
SC-03764,44,4.3,980.0,4320.0,24,254.22,0.2594,con atrasos,3,1,0
SC-01519,36,8.2,1210.0,6170.0,18,419.74,0.3469,al dia,3,1,0
SC-02288,49,1.3,640.0,5620.0,12,526.33,0.8224,con atrasos,6,1,1
SC-03020,28,9.7,430.0,1460.0,24,85.45,0.1987,al dia,2,1,0
SC-00222,33,6.9,730.0,1330.0,36,71.58,0.0981,al dia,1,0,0
SC-00226,43,1.9,540.0,5420.0,24,324.39,0.6007,sin historial,1,0,1
SC-03849,43,15.4,1950.0,2990.0,24,178.93,0.0918,al dia,1,1,0
SC-03123,27,2.9,520.0,2310.0,18,159.71,0.3071,con atrasos,4,0,0
SC-02518,40,4.3,500.0,1940.0,36,106.93,0.2139,sin historial,1,1,0
SC-03005,38,3.9,740.0,3810.0,48,210.54,0.2845,sin historial,0,1,1
SC-02394,49,4.6,1620.0,3500.0,24,213.71,0.1319,al dia,3,0,0
SC-01761,46,6.5,1360.0,1850.0,36,99.15,0.0729,con atrasos,2,0,0
SC-01361,28,9.6,1020.0,2740.0,18,193.31,0.1895,con atrasos,1,0,1
SC-02325,39,7.6,330.0,1190.0,36,63.19,0.1915,al dia,0,0,0
SC-03550,21,3.0,860.0,1090.0,18,72.96,0.0848,sin historial,3,0,0
SC-02963,30,3.1,970.0,9880.0,36,526.3,0.5426,al dia,0,0,0
SC-01493,21,3.0,500.0,1260.0,24,73.23,0.1465,al dia,3,1,0
SC-02904,31,9.3,1940.0,8270.0,24,495.21,0.2553,al dia,3,0,0
SC-02920,31,2.5,1240.0,9710.0,48,555.9,0.4483,sin historial,3,1,1
SC-02010,41,5.0,600.0,2140.0,12,200.92,0.3349,al dia,1,0,0
SC-00206,36,3.3,1040.0,1550.0,60,102.64,0.0987,con atrasos,1,0,0
SC-01028,29,11.0,860.0,4910.0,36,265.49,0.3087,con atrasos,0,0,1
SC-03613,34,2.0,490.0,1430.0,18,100.56,0.2052,al dia,1,0,0
SC-02752,35,6.1,1170.0,6510.0,48,372.12,0.318,al dia,2,0,0
SC-01047,32,5.0,630.0,2860.0,12,273.45,0.434,con atrasos,2,1,0
SC-00694,37,6.6,570.0,500.0,24,27.85,0.0489,con atrasos,0,0,0
SC-03127,40,5.6,1070.0,7180.0,12,677.92,0.6336,con atrasos,1,1,0
SC-03732,46,10.3,1270.0,3450.0,18,235.51,0.1854,al dia,2,1,0
SC-02774,25,7.0,650.0,8570.0,48,476.16,0.7326,con atrasos,3,1,1
SC-01187,39,9.9,1750.0,8200.0,36,436.82,0.2496,con atrasos,0,1,0
SC-01370,57,12.8,2690.0,3660.0,36,192.22,0.0715,al dia,1,0,0
SC-01908,40,3.9,660.0,500.0,24,28.81,0.0437,con atrasos,5,0,0
SC-02883,48,2.6,1020.0,4680.0,24,269.22,0.2639,sin historial,0,0,0
SC-00017,59,2.8,840.0,3410.0,24,202.09,0.2406,sin historial,1,0,0
SC-02515,45,14.3,710.0,2580.0,48,141.45,0.1992,al dia,0,1,0
SC-02886,68,4.2,1550.0,6490.0,18,453.83,0.2928,sin historial,0,1,0
SC-02206,43,5.3,2380.0,5230.0,48,288.17,0.1211,al dia,2,0,0
SC-03955,41,3.0,610.0,3990.0,18,279.55,0.4583,con atrasos,0,0,0
SC-01677,21,3.0,700.0,4510.0,48,245.25,0.3504,sin historial,0,0,1
SC-01185,29,8.2,460.0,1800.0,18,125.59,0.273,al dia,1,1,1
SC-02354,37,4.5,660.0,2660.0,36,142.23,0.2155,sin historial,2,0,0
SC-00657,35,1.2,870.0,5150.0,36,274.59,0.3156,sin historial,4,0,1
SC-01572,42,6.1,1710.0,3110.0,24,188.05,0.11,al dia,2,0,0
SC-01738,34,4.1,370.0,1680.0,24,99.74,0.2696,al dia,3,1,0
SC-01420,52,17.6,720.0,1430.0,24,82.16,0.1141,al dia,1,0,0
SC-00400,36,2.5,970.0,1690.0,24,99.51,0.1026,al dia,0,0,0
SC-00619,43,5.6,1260.0,3390.0,18,234.02,0.1857,al dia,2,0,0
SC-00509,34,8.1,1430.0,4560.0,18,317.87,0.2223,al dia,3,1,0
SC-03289,63,3.8,960.0,2440.0,24,146.58,0.1527,sin historial,0,1,0
SC-03870,59,1.0,430.0,560.0,24,31.88,0.0741,sin historial,2,0,0
SC-03061,21,3.0,790.0,3810.0,12,356.54,0.4513,con atrasos,1,0,1
SC-00868,43,9.9,620.0,5850.0,24,342.9,0.5531,al dia,4,0,1
SC-02508,28,8.8,1170.0,5080.0,36,271.31,0.2319,con atrasos,2,1,0
SC-00887,40,2.3,850.0,1440.0,24,83.59,0.0983,sin historial,3,0,0
SC-02111,24,6.0,820.0,4600.0,36,251.28,0.3064,al dia,2,1,0
SC-00600,29,3.9,320.0,1570.0,18,108.89,0.3403,sin historial,2,0,0
SC-03155,38,8.8,1040.0,4770.0,24,274.12,0.2636,con atrasos,2,1,0
SC-00458,27,2.1,630.0,2290.0,12,214.74,0.3409,sin historial,2,0,1
SC-02775,27,4.9,800.0,2970.0,48,165.14,0.2064,al dia,1,0,0
SC-01118,44,8.5,1120.0,2320.0,12,219.79,0.1962,al dia,1,1,0
SC-00871,39,2.9,1140.0,19070.0,24,1088.67,0.85,sin historial,3,0,1
SC-00791,46,7.1,1310.0,6320.0,24,375.62,0.2867,al dia,1,0,0
SC-02261,30,4.3,1070.0,5470.0,18,383.09,0.358,sin historial,5,0,0
SC-03323,45,4.7,530.0,1550.0,24,91.49,0.1726,sin historial,1,1,0
SC-00955,30,2.2,580.0,8960.0,24,541.44,0.85,al dia,3,0,1
SC-00651,30,0.9,260.0,1120.0,36,58.55,0.2252,sin historial,3,1,0
SC-00734,58,6.6,1850.0,8010.0,36,427.44,0.231,al dia,3,0,0
SC-03746,46,6.8,1850.0,11920.0,24,711.39,0.3845,al dia,3,0,1
SC-00380,39,4.7,510.0,1200.0,24,70.7,0.1386,al dia,3,0,0
SC-02613,35,6.7,1930.0,6210.0,36,334.24,0.1732,al dia,3,0,0
SC-03530,33,4.7,580.0,820.0,24,49.82,0.0859,sin historial,0,0,0
SC-00957,52,1.6,720.0,6650.0,18,451.49,0.6271,con atrasos,1,0,1
SC-00172,29,3.5,750.0,4310.0,36,229.39,0.3059,al dia,1,1,0
SC-01945,21,3.0,650.0,1920.0,36,100.19,0.1541,al dia,3,0,0
SC-02280,45,0.8,1240.0,1710.0,12,160.6,0.1295,al dia,0,0,0
SC-00660,28,4.4,930.0,3640.0,48,207.37,0.223,al dia,4,1,0
SC-02431,45,4.1,360.0,2040.0,48,113.47,0.3152,sin historial,5,0,0
SC-02529,40,9.5,920.0,1440.0,12,133.97,0.1456,al dia,3,0,1
SC-02121,43,8.5,810.0,5390.0,12,510.22,0.6299,al dia,0,0,0
SC-01095,28,2.6,1260.0,5610.0,36,302.88,0.2404,con atrasos,4,0,1
SC-03432,37,3.1,570.0,3430.0,36,187.73,0.3294,con atrasos,1,0,1
SC-03013,39,3.2,780.0,3830.0,18,270.08,0.3463,al dia,1,0,0
SC-02220,37,6.7,980.0,8690.0,60,543.12,0.5542,al dia,3,0,1
SC-00643,21,3.0,190.0,500.0,36,24.99,0.1315,con atrasos,1,0,0
SC-00169,38,1.9,690.0,1120.0,36,58.12,0.0842,sin historial,0,0,0
SC-01518,60,5.6,750.0,6680.0,24,381.97,0.5093,al dia,4,0,0
SC-01801,33,7.8,1360.0,4600.0,18,313.44,0.2305,al dia,3,0,1
SC-03199,30,6.1,680.0,3590.0,36,197.24,0.2901,sin historial,4,0,0
SC-01918,38,4.2,1210.0,2390.0,48,140.02,0.1157,al dia,2,0,0
SC-00273,38,3.0,580.0,3150.0,36,169.55,0.2923,con atrasos,2,1,0
SC-01216,27,7.9,850.0,5850.0,18,399.75,0.4703,al dia,0,0,0
SC-02469,59,7.5,1780.0,3680.0,18,258.21,0.1451,al dia,2,1,0
SC-01119,37,7.9,960.0,3740.0,60,231.82,0.2415,sin historial,2,1,0
SC-03280,32,11.5,1320.0,4360.0,18,304.97,0.231,con atrasos,1,0,0
SC-03547,34,1.1,650.0,8140.0,36,427.02,0.657,con atrasos,4,1,1
SC-01067,40,1.4,320.0,960.0,60,63.0,0.1969,al dia,2,0,0
SC-02105,53,10.2,1020.0,5310.0,24,318.52,0.3123,con atrasos,3,0,1
SC-03353,40,5.3,1230.0,15440.0,48,864.23,0.7026,sin historial,4,0,1
SC-03044,37,1.3,1290.0,3650.0,48,203.01,0.1574,sin historial,1,1,0
SC-03192,42,11.8,820.0,1570.0,36,83.77,0.1022,al dia,2,0,0
SC-01913,58,7.1,1900.0,7060.0,24,415.44,0.2187,sin historial,3,0,0
SC-00039,29,4.3,280.0,2160.0,60,141.98,0.5071,con atrasos,1,0,0
SC-00307,27,3.3,400.0,3060.0,48,181.16,0.4529,al dia,1,0,1
SC-00007,49,0.7,690.0,1090.0,36,60.98,0.0884,sin historial,2,0,0
SC-02457,27,4.8,660.0,2260.0,18,156.71,0.2374,con atrasos,1,0,0
SC-00782,24,2.0,450.0,5000.0,18,348.84,0.7752,con atrasos,2,0,1
SC-01191,27,4.8,740.0,3340.0,48,186.45,0.252,sin historial,1,1,0
SC-00535,57,0.8,650.0,2950.0,36,155.44,0.2391,sin historial,2,0,0
SC-00584,38,3.1,1160.0,2570.0,18,178.1,0.1535,al dia,1,0,0
SC-03152,40,4.6,1110.0,2380.0,24,134.7,0.1213,con atrasos,2,0,0
SC-03894,44,5.7,890.0,4210.0,24,244.02,0.2742,con atrasos,4,0,0
SC-03355,51,4.1,1050.0,4540.0,12,428.9,0.4085,sin historial,3,0,1
SC-03642,50,1.9,360.0,980.0,24,56.75,0.1576,sin historial,2,0,0
SC-02910,26,8.0,680.0,1450.0,36,77.14,0.1134,al dia,3,0,0
SC-00317,42,13.2,410.0,900.0,24,52.91,0.1291,al dia,0,0,0
SC-02198,44,10.6,1730.0,7970.0,24,480.27,0.2776,al dia,0,0,0
SC-02415,35,1.6,340.0,1030.0,24,61.56,0.1811,al dia,2,0,0
SC-02565,46,4.3,610.0,3360.0,36,177.22,0.2905,con atrasos,2,0,0
SC-03637,26,2.5,330.0,780.0,18,53.78,0.163,sin historial,0,0,0
SC-01795,32,2.0,1250.0,3450.0,24,205.0,0.164,al dia,1,1,0
SC-02582,31,3.8,650.0,4810.0,24,295.04,0.4539,al dia,3,0,1
SC-02867,21,3.0,850.0,3590.0,12,339.19,0.3991,sin historial,0,0,1
SC-00272,36,5.0,310.0,1540.0,36,82.13,0.2649,sin historial,0,0,0
SC-00549,49,2.2,980.0,6360.0,48,370.25,0.3778,sin historial,2,0,0
SC-01693,39,4.2,580.0,2370.0,36,127.07,0.2191,con atrasos,1,0,0
SC-01720,21,2.6,380.0,1020.0,24,60.5,0.1592,con atrasos,0,0,0
SC-03653,38,2.8,710.0,1540.0,60,98.92,0.1393,sin historial,1,0,0
SC-03669,36,7.9,910.0,4100.0,24,242.44,0.2664,al dia,3,0,1
SC-02391,21,2.4,1000.0,1940.0,48,108.43,0.1084,al dia,1,1,0
SC-00599,49,14.7,1190.0,4470.0,18,305.74,0.2569,al dia,3,0,0
SC-01690,52,12.5,670.0,2660.0,18,185.57,0.277,al dia,1,0,0
SC-00895,52,0.5,560.0,2240.0,48,125.63,0.2243,con atrasos,0,0,0
SC-03454,44,5.7,1150.0,5330.0,24,317.58,0.2762,al dia,0,0,0
SC-01776,29,6.7,730.0,5040.0,36,263.05,0.3603,con atrasos,1,1,0
SC-00571,37,2.2,420.0,1350.0,24,81.08,0.193,sin historial,1,0,0
SC-02000,69,5.6,780.0,8540.0,18,579.21,0.7426,sin historial,6,0,1
SC-02123,54,8.2,620.0,2800.0,18,190.59,0.3074,al dia,3,1,0
SC-00062,43,3.4,650.0,4180.0,18,289.55,0.4455,sin historial,0,0,1
SC-01248,33,9.0,1630.0,5630.0,60,358.35,0.2198,al dia,5,0,0
SC-03977,29,5.5,1320.0,12500.0,36,679.8,0.515,sin historial,0,0,0
SC-01260,36,6.8,680.0,1460.0,24,88.9,0.1307,con atrasos,1,0,0
SC-00810,42,5.2,400.0,910.0,36,48.09,0.1202,sin historial,2,0,0
SC-02293,23,5.0,1080.0,9230.0,36,500.79,0.4637,sin historial,2,1,0
SC-01050,21,3.0,640.0,2910.0,12,276.09,0.4314,sin historial,5,0,1
SC-03227,42,5.8,650.0,1040.0,36,54.46,0.0838,sin historial,1,0,0
SC-00108,48,5.0,1090.0,3450.0,24,199.58,0.1831,sin historial,3,0,0
SC-02154,41,3.8,690.0,6220.0,12,588.36,0.85,sin historial,3,1,1
SC-00674,23,5.0,650.0,7110.0,36,381.86,0.5875,con atrasos,2,0,0
SC-02691,26,5.9,340.0,1950.0,12,180.95,0.5322,al dia,3,1,0
SC-03167,35,3.6,730.0,1790.0,36,91.53,0.1254,con atrasos,1,0,0
SC-00666,51,2.7,1650.0,4560.0,24,271.35,0.1645,al dia,1,0,0
SC-00510,47,12.1,1180.0,5050.0,18,348.89,0.2957,al dia,1,1,0
SC-02180,32,7.7,970.0,3720.0,24,214.78,0.2214,al dia,5,0,0
SC-01641,33,3.4,520.0,2440.0,18,170.05,0.327,con atrasos,3,1,0
SC-02493,39,2.5,890.0,1690.0,24,101.39,0.1139,al dia,1,0,0
SC-03499,45,1.3,660.0,1340.0,18,94.83,0.1437,al dia,2,0,0
SC-01533,25,6.7,580.0,3030.0,36,160.17,0.2762,al dia,3,1,0
SC-00867,21,3.0,640.0,5430.0,60,347.67,0.5432,al dia,0,1,0
SC-01856,44,4.6,1850.0,5090.0,48,298.06,0.1611,al dia,1,0,0
SC-01737,21,3.0,370.0,570.0,36,31.1,0.084,sin historial,2,0,0
SC-03995,52,6.6,1590.0,12000.0,12,1136.09,0.7145,al dia,3,1,1
SC-01061,54,2.0,1840.0,5020.0,48,288.94,0.157,sin historial,1,0,0
SC-03751,35,1.1,480.0,2960.0,36,162.74,0.3391,con atrasos,3,0,1
SC-02106,46,3.5,1060.0,5870.0,36,329.2,0.3106,sin historial,2,1,0
SC-03619,28,10.0,1360.0,5650.0,24,334.15,0.2457,sin historial,0,0,0
SC-01974,32,1.2,900.0,2310.0,60,148.47,0.165,al dia,4,0,0
SC-00590,28,2.6,870.0,5750.0,24,338.5,0.3891,al dia,0,0,0
SC-03762,37,1.5,650.0,1470.0,36,78.45,0.1207,sin historial,2,1,0
SC-03456,29,3.8,290.0,710.0,36,37.89,0.1307,sin historial,1,0,1
SC-00087,40,4.3,650.0,1040.0,24,60.6,0.0932,al dia,0,0,0
SC-03833,38,11.5,870.0,3520.0,24,209.99,0.2414,al dia,5,0,0
SC-00772,28,10.0,930.0,7280.0,12,684.57,0.7361,con atrasos,1,1,1
SC-03169,43,15.8,1340.0,12110.0,36,656.38,0.4898,al dia,2,0,1
SC-01250,50,4.2,570.0,1520.0,24,88.99,0.1561,al dia,3,0,0
SC-00709,55,19.3,1630.0,6560.0,24,388.93,0.2386,al dia,0,1,0
SC-02473,33,4.6,1150.0,5230.0,60,326.2,0.2837,sin historial,5,1,0
SC-03527,36,6.2,880.0,5600.0,60,357.81,0.4066,al dia,3,0,1
SC-03533,42,2.5,1090.0,2500.0,24,146.28,0.1342,con atrasos,4,0,1
SC-03512,31,8.6,510.0,1580.0,24,95.54,0.1873,al dia,2,0,0
SC-02587,40,9.6,990.0,3790.0,36,210.13,0.2123,al dia,1,0,0
SC-01861,32,13.2,1390.0,9590.0,36,519.43,0.3737,al dia,3,0,0
SC-03369,34,13.5,420.0,2460.0,24,142.63,0.3396,al dia,2,0,0
SC-02129,51,9.0,3290.0,12520.0,36,676.73,0.2057,sin historial,4,0,0
SC-03603,21,3.0,440.0,930.0,24,55.07,0.1252,con atrasos,0,1,0
SC-03365,43,4.0,490.0,3130.0,48,172.56,0.3522,al dia,2,1,0
SC-00419,44,1.2,550.0,1650.0,36,90.34,0.1643,al dia,2,0,0
SC-01462,21,3.0,760.0,2020.0,36,111.63,0.1469,al dia,1,0,0
SC-01485,41,9.1,1550.0,1960.0,18,135.9,0.0877,al dia,1,0,0
SC-03826,51,2.8,700.0,5500.0,60,354.12,0.5059,al dia,0,0,0
SC-03670,54,3.7,700.0,1760.0,12,166.53,0.2379,al dia,2,1,0
SC-03817,21,3.0,920.0,1480.0,48,83.26,0.0905,al dia,3,0,1
SC-00852,34,16.0,1360.0,5100.0,60,316.49,0.2327,al dia,0,0,0
SC-01005,40,3.2,610.0,3040.0,36,163.15,0.2675,al dia,0,1,0
SC-01997,50,4.1,860.0,2660.0,24,157.4,0.183,sin historial,0,1,0
SC-01835,38,2.5,840.0,2320.0,12,219.2,0.261,al dia,1,1,0
SC-03118,30,4.0,770.0,1790.0,18,126.06,0.1637,sin historial,3,0,0
SC-00437,32,8.9,740.0,1660.0,48,89.14,0.1205,sin historial,3,0,0
SC-01317,35,8.5,700.0,3130.0,18,216.41,0.3092,con atrasos,1,0,0
SC-01624,30,8.9,820.0,4170.0,12,385.89,0.4706,al dia,3,1,0
SC-01481,26,3.0,780.0,2480.0,36,129.64,0.1662,con atrasos,1,1,0
SC-01649,43,2.9,440.0,900.0,36,48.69,0.1107,al dia,0,0,0
SC-01004,40,4.4,2700.0,5840.0,36,318.05,0.1178,sin historial,2,1,0
SC-01279,29,6.6,840.0,5860.0,24,354.66,0.4222,al dia,0,0,0
SC-01824,57,4.9,1060.0,6510.0,48,382.76,0.3611,al dia,4,1,1
SC-03203,31,2.3,800.0,2800.0,60,169.68,0.2121,al dia,2,0,0
SC-03819,36,6.5,890.0,6950.0,12,660.06,0.7416,al dia,2,1,1
SC-01837,35,4.5,630.0,1940.0,24,113.87,0.1808,con atrasos,2,0,1
SC-03769,21,3.0,480.0,2550.0,48,145.95,0.3041,con atrasos,0,0,0
SC-02353,51,10.3,1280.0,870.0,18,60.34,0.0471,al dia,0,0,0
SC-02283,39,3.7,1020.0,4030.0,24,238.44,0.2338,sin historial,0,0,0
SC-01547,22,4.0,630.0,1960.0,18,138.4,0.2197,sin historial,1,0,0
SC-00336,50,6.2,1480.0,17080.0,36,904.0,0.6108,con atrasos,0,1,0
SC-02618,24,4.5,670.0,1600.0,24,92.22,0.1376,sin historial,4,1,0
SC-00089,36,7.6,1300.0,3110.0,24,183.34,0.141,sin historial,1,0,0
SC-00875,30,2.9,1190.0,10360.0,24,613.89,0.5159,sin historial,4,0,1
SC-03478,45,6.6,1380.0,2630.0,24,154.5,0.112,con atrasos,2,1,0
SC-00544,34,5.5,400.0,1550.0,24,91.26,0.2282,al dia,1,1,0
SC-01242,41,6.6,1120.0,3700.0,24,225.26,0.2011,con atrasos,1,0,0
SC-02761,47,7.1,810.0,1630.0,12,156.06,0.1927,al dia,2,0,1
SC-01881,38,2.4,920.0,3790.0,12,357.71,0.3888,sin historial,3,1,0
SC-03829,21,1.3,360.0,690.0,48,40.15,0.1115,al dia,2,0,0
SC-03295,25,6.0,360.0,2670.0,24,157.95,0.4387,sin historial,1,1,0
SC-02270,34,8.2,1180.0,3090.0,18,208.97,0.1771,al dia,0,0,0
SC-00320,27,5.4,660.0,2370.0,24,138.19,0.2094,con atrasos,0,0,1
SC-00520,32,2.6,790.0,3240.0,18,224.71,0.2844,al dia,3,1,0
SC-03070,25,7.0,830.0,4180.0,18,288.94,0.3481,al dia,3,0,0
SC-00879,43,5.9,2000.0,8760.0,60,558.98,0.2795,sin historial,2,1,0
SC-03967,45,0.4,820.0,6710.0,60,448.73,0.5472,al dia,3,0,0
SC-00826,21,2.4,1690.0,8430.0,36,452.5,0.2677,sin historial,3,0,0
SC-01291,27,6.7,360.0,1130.0,36,61.06,0.1696,sin historial,4,0,1
SC-03398,45,6.2,1130.0,2130.0,24,127.97,0.1133,al dia,2,0,0
SC-03726,38,2.6,1210.0,2980.0,36,156.03,0.1289,al dia,2,1,0
SC-00139,35,3.4,660.0,3110.0,36,170.98,0.2591,sin historial,2,1,0
SC-00164,40,6.0,710.0,1120.0,18,79.01,0.1113,con atrasos,1,1,0
SC-01619,34,6.4,1330.0,6580.0,36,350.44,0.2635,al dia,2,0,0
SC-03754,25,4.0,1150.0,8030.0,60,513.03,0.4461,sin historial,0,1,0
SC-01792,59,14.9,1910.0,3670.0,12,344.49,0.1804,al dia,3,1,0
SC-01046,34,12.8,580.0,1720.0,24,104.82,0.1807,al dia,1,0,0
SC-00961,43,2.8,1110.0,4390.0,24,265.2,0.2389,al dia,1,0,0
SC-02880,21,2.0,480.0,2200.0,48,124.07,0.2585,al dia,3,1,1
SC-01751,22,4.0,390.0,830.0,24,49.97,0.1281,al dia,3,0,0
SC-03401,50,5.6,2250.0,7430.0,48,399.54,0.1776,con atrasos,1,1,0
SC-03405,39,6.3,1450.0,6100.0,18,421.71,0.2908,al dia,1,1,0
SC-01505,43,2.7,890.0,3560.0,60,225.34,0.2532,al dia,4,0,0
SC-03051,36,5.8,920.0,2460.0,24,141.65,0.154,con atrasos,1,1,0
SC-03916,21,3.0,450.0,1610.0,36,84.41,0.1876,sin historial,2,1,0
SC-01060,41,8.8,1230.0,2380.0,36,131.39,0.1068,con atrasos,1,1,0
SC-02682,37,6.0,480.0,3830.0,60,248.69,0.5181,sin historial,4,0,0
SC-03679,45,9.6,1160.0,5270.0,24,313.24,0.27,al dia,2,0,0
SC-00656,40,4.0,510.0,1860.0,36,99.47,0.195,con atrasos,2,0,1
SC-02065,42,5.7,1040.0,1700.0,60,107.67,0.1035,al dia,2,0,0
SC-03062,48,3.0,620.0,2500.0,36,134.01,0.2162,al dia,2,0,0
SC-00138,43,8.8,1340.0,6320.0,36,343.24,0.2561,al dia,2,1,0
SC-03716,28,5.5,480.0,1970.0,24,115.17,0.2399,sin historial,2,1,0
SC-01977,48,5.0,820.0,5360.0,36,283.84,0.3461,con atrasos,0,0,0
SC-01582,28,4.4,470.0,1010.0,24,57.76,0.1229,al dia,2,1,0
SC-00698,45,3.5,910.0,3250.0,12,305.83,0.3361,al dia,6,0,0
SC-01098,44,4.5,1160.0,2360.0,36,125.51,0.1082,con atrasos,0,0,0
SC-03982,62,3.7,590.0,4420.0,36,235.2,0.3986,al dia,4,0,0
SC-03461,29,6.9,550.0,1590.0,36,87.54,0.1592,al dia,1,1,0
SC-02454,44,4.1,630.0,3520.0,48,191.14,0.3034,sin historial,1,1,0
SC-02497,22,4.0,1060.0,6240.0,48,358.87,0.3386,al dia,3,0,0
SC-01393,24,3.6,480.0,2760.0,48,153.89,0.3206,con atrasos,2,1,1
SC-03877,35,5.9,2210.0,2910.0,12,275.48,0.1247,con atrasos,1,0,0
SC-01267,33,2.4,900.0,2900.0,36,153.42,0.1705,sin historial,2,0,0
SC-02376,37,6.4,550.0,1360.0,24,79.37,0.1443,sin historial,1,1,0
SC-02366,37,2.0,580.0,1610.0,48,92.61,0.1597,sin historial,3,1,0
SC-00136,36,3.3,570.0,1220.0,12,115.45,0.2025,sin historial,2,1,0
SC-01170,32,4.7,990.0,4830.0,36,274.25,0.277,al dia,1,0,0
SC-02575,55,10.0,880.0,3680.0,36,201.8,0.2293,al dia,3,0,0
SC-02136,43,9.9,940.0,4200.0,36,229.06,0.2437,con atrasos,2,0,0
SC-01504,42,3.5,1540.0,3410.0,36,189.45,0.123,sin historial,2,0,1
SC-01363,21,1.6,450.0,500.0,36,27.4,0.0609,al dia,1,1,0
SC-03171,29,5.3,900.0,1060.0,24,63.21,0.0702,sin historial,2,0,0
SC-00149,23,5.0,1060.0,6890.0,12,641.41,0.6051,sin historial,1,0,1
SC-00304,46,3.2,660.0,2110.0,48,116.4,0.1764,con atrasos,1,0,0
SC-01018,56,6.5,930.0,3370.0,24,201.06,0.2162,al dia,2,0,0
SC-01925,53,7.3,1230.0,3610.0,36,193.61,0.1574,al dia,3,0,0
SC-01053,35,2.2,790.0,7620.0,24,451.73,0.5718,con atrasos,3,0,1
SC-03623,33,5.9,400.0,1090.0,12,102.82,0.2571,al dia,1,0,0
SC-02414,49,3.0,1170.0,1460.0,36,78.69,0.0673,al dia,2,1,0
SC-02638,46,7.6,1030.0,4640.0,36,241.63,0.2346,sin historial,4,0,1
SC-03779,48,8.1,1130.0,3110.0,24,181.89,0.161,con atrasos,1,1,1
SC-01905,49,1.4,880.0,4430.0,24,263.31,0.2992,con atrasos,1,0,1
SC-03445,41,0.9,1890.0,8190.0,36,452.93,0.2396,sin historial,2,1,0
SC-00199,25,7.0,770.0,13020.0,36,689.02,0.85,sin historial,3,1,1
SC-01769,53,7.7,940.0,4450.0,36,240.5,0.2559,sin historial,3,1,0
SC-02876,26,1.5,610.0,2260.0,12,209.72,0.3438,sin historial,2,0,1
SC-02241,46,3.0,600.0,2780.0,24,165.57,0.2759,al dia,2,0,0
SC-00405,42,4.0,1130.0,8840.0,24,524.61,0.4643,al dia,2,1,0
SC-03524,30,2.5,490.0,4660.0,48,258.66,0.5279,con atrasos,2,0,0
SC-03972,66,6.5,1170.0,3330.0,36,177.05,0.1513,al dia,1,1,0
SC-00484,38,7.4,740.0,4620.0,18,319.81,0.4322,al dia,0,0,0
SC-01183,68,7.6,1290.0,2790.0,36,151.66,0.1176,con atrasos,4,0,0
SC-01340,35,4.0,690.0,3820.0,36,207.71,0.301,sin historial,2,1,0
SC-01281,60,5.8,1550.0,4880.0,24,284.64,0.1836,al dia,0,0,0
SC-01032,46,9.8,1030.0,5000.0,18,345.19,0.3351,al dia,3,1,0
SC-00792,37,4.0,660.0,1630.0,18,113.29,0.1716,al dia,1,0,0
SC-00800,24,2.6,770.0,1490.0,18,105.11,0.1365,sin historial,1,1,0
SC-02433,36,11.3,900.0,9550.0,60,608.37,0.676,al dia,1,0,0
SC-02799,55,9.2,2510.0,17510.0,24,1049.46,0.4181,al dia,0,0,0
SC-01202,49,4.7,840.0,11360.0,48,611.31,0.7278,al dia,2,1,1
SC-00423,36,4.1,900.0,5030.0,24,292.6,0.3251,al dia,3,0,0
SC-02363,31,13.0,630.0,2120.0,36,113.68,0.1805,con atrasos,5,0,0
SC-03940,22,4.0,310.0,2110.0,48,122.31,0.3945,sin historial,4,0,1
SC-01884,44,7.5,1300.0,6590.0,48,371.83,0.286,al dia,1,0,1
SC-03907,28,5.4,1420.0,9420.0,24,555.28,0.391,sin historial,2,0,0
SC-01480,44,6.3,1430.0,5180.0,24,299.6,0.2095,con atrasos,2,0,0
SC-02592,30,12.0,410.0,1670.0,12,156.68,0.3821,al dia,3,0,0
SC-02962,21,0.5,230.0,1500.0,60,95.68,0.416,sin historial,3,0,0
SC-01929,32,6.5,2040.0,5140.0,12,476.93,0.2338,sin historial,3,1,1
SC-02711,50,2.4,1310.0,2270.0,60,146.56,0.1119,sin historial,2,0,0
SC-03808,39,1.9,510.0,910.0,36,47.35,0.0929,al dia,1,0,0
SC-01530,21,3.0,280.0,650.0,24,37.92,0.1354,sin historial,1,0,0
SC-00903,29,2.0,1530.0,2600.0,36,136.64,0.0893,al dia,0,1,0
SC-02810,31,4.8,860.0,6760.0,18,477.05,0.5547,sin historial,2,0,0
SC-00686,43,1.6,560.0,1350.0,36,71.18,0.1271,sin historial,3,0,0
SC-01552,36,3.9,710.0,4570.0,12,430.11,0.6058,al dia,1,0,0
SC-03640,26,4.3,1180.0,6350.0,24,371.48,0.3148,al dia,3,0,0
SC-00160,34,5.1,730.0,3370.0,36,180.73,0.2476,con atrasos,2,1,0
SC-01000,32,3.8,690.0,2090.0,24,121.48,0.1761,al dia,1,1,0
SC-03232,54,3.7,960.0,2980.0,24,173.84,0.1811,al dia,0,0,0
SC-03750,21,3.0,650.0,4220.0,18,289.52,0.4454,sin historial,1,0,0
SC-02251,50,2.1,660.0,2970.0,36,158.3,0.2398,al dia,2,0,1
SC-03474,41,9.1,600.0,2810.0,48,162.86,0.2714,al dia,4,0,0
SC-02690,42,3.2,460.0,2380.0,24,139.61,0.3035,con atrasos,2,1,0
SC-00113,35,1.6,770.0,4190.0,36,222.9,0.2895,al dia,0,1,0
SC-03783,38,3.0,850.0,4600.0,12,426.31,0.5015,al dia,3,0,0
SC-01447,22,4.0,830.0,2230.0,48,126.67,0.1526,con atrasos,4,0,0
SC-01953,24,6.0,740.0,2040.0,24,123.81,0.1673,al dia,3,1,0
SC-03029,23,1.2,740.0,2780.0,36,153.08,0.2069,al dia,1,1,0
SC-00923,40,7.1,1390.0,9320.0,36,485.85,0.3495,con atrasos,2,1,0
SC-01625,21,3.0,330.0,610.0,36,32.17,0.0975,al dia,3,1,0
SC-03418,50,5.3,1240.0,9400.0,36,503.82,0.4063,sin historial,3,1,0
SC-02854,37,6.2,740.0,2860.0,60,186.81,0.2525,al dia,0,0,0
SC-03343,21,3.0,870.0,3110.0,24,179.94,0.2068,al dia,3,1,0
SC-02956,47,7.2,570.0,2970.0,24,172.22,0.3021,al dia,2,1,0
SC-01320,56,5.9,580.0,2110.0,24,124.18,0.2141,sin historial,1,0,0
SC-01664,48,8.3,1140.0,3510.0,12,332.66,0.2918,al dia,4,0,0
SC-00816,49,8.8,1050.0,3660.0,24,218.44,0.208,con atrasos,2,1,0
SC-03277,40,2.9,970.0,670.0,18,46.18,0.0476,al dia,0,1,0
SC-02267,57,5.7,410.0,2580.0,36,137.66,0.3358,con atrasos,1,1,0
SC-01474,21,3.0,850.0,4470.0,18,311.9,0.3669,al dia,0,0,0
SC-01774,52,2.0,840.0,4610.0,60,294.69,0.3508,sin historial,2,0,1
SC-00680,37,5.8,610.0,810.0,36,43.73,0.0717,al dia,0,0,0
SC-03387,48,4.5,1160.0,2590.0,24,153.64,0.1325,al dia,2,0,0
SC-01094,34,1.5,1120.0,9010.0,48,517.67,0.4622,al dia,2,1,0
SC-00081,48,2.5,920.0,2190.0,48,122.81,0.1335,al dia,0,0,0
SC-01951,42,8.1,1060.0,2630.0,24,158.61,0.1496,sin historial,0,0,0
SC-03730,39,20.3,1770.0,14720.0,48,826.69,0.4671,al dia,1,1,1
SC-03254,38,6.4,1410.0,4880.0,60,309.24,0.2193,con atrasos,1,0,0
SC-03778,56,10.4,1220.0,9400.0,36,510.94,0.4188,con atrasos,6,0,0
SC-02801,32,2.4,730.0,1350.0,36,70.76,0.0969,sin historial,0,1,0
SC-01240,42,2.2,1170.0,10830.0,24,637.54,0.5449,con atrasos,3,0,1
SC-00330,31,4.1,620.0,2450.0,12,233.08,0.3759,al dia,0,0,0
SC-00243,44,10.0,680.0,18900.0,24,1123.98,0.85,con atrasos,6,0,1
SC-03252,42,7.9,1010.0,1300.0,12,123.52,0.1223,al dia,2,0,0
SC-00642,35,9.8,720.0,1400.0,18,96.35,0.1338,al dia,1,0,0
SC-00697,37,3.2,1200.0,5130.0,24,302.76,0.2523,con atrasos,0,0,0
SC-02258,23,4.6,750.0,1090.0,36,60.25,0.0803,al dia,1,0,0
SC-03997,45,2.4,490.0,1450.0,36,75.86,0.1548,al dia,0,0,0
SC-02819,39,3.7,1160.0,2790.0,18,190.99,0.1646,al dia,3,0,0
SC-00754,48,9.2,1200.0,7330.0,48,416.29,0.3469,sin historial,2,1,0
SC-00436,25,7.0,940.0,3380.0,24,202.12,0.215,al dia,0,1,0
SC-01564,44,8.8,950.0,6720.0,36,359.99,0.3789,al dia,2,0,1
SC-01935,51,2.0,580.0,2290.0,24,135.13,0.233,al dia,1,0,0
SC-03660,51,7.4,2420.0,8150.0,18,572.4,0.2365,sin historial,0,1,0
SC-03023,46,11.9,970.0,4050.0,36,216.77,0.2235,sin historial,2,0,1
SC-01713,54,10.8,610.0,2410.0,36,126.45,0.2073,al dia,0,0,0
SC-00552,39,2.9,740.0,5210.0,18,361.59,0.4886,sin historial,4,0,0
SC-03311,22,2.7,580.0,5430.0,36,289.81,0.4997,al dia,4,1,1
SC-03446,50,7.6,1130.0,3160.0,24,183.75,0.1626,al dia,1,0,0
SC-00602,42,3.2,720.0,2620.0,60,171.82,0.2386,al dia,2,1,0
SC-01965,45,19.1,880.0,3890.0,18,273.27,0.3105,al dia,3,1,0
SC-01014,34,2.5,400.0,1850.0,24,108.8,0.272,sin historial,2,0,0
SC-03868,39,9.5,1650.0,11760.0,24,696.05,0.4219,al dia,4,0,0
SC-03259,48,10.3,1090.0,4710.0,12,444.58,0.4079,con atrasos,2,0,1
SC-01428,50,5.4,1240.0,3730.0,18,259.27,0.2091,sin historial,1,0,0
SC-02013,32,1.8,540.0,2310.0,36,120.81,0.2237,al dia,1,1,0
SC-01387,37,3.9,920.0,1910.0,48,108.24,0.1177,sin historial,3,1,0
SC-01296,37,5.9,1160.0,2810.0,18,196.39,0.1693,al dia,0,0,0
SC-00467,23,5.0,1180.0,9850.0,24,562.76,0.4769,sin historial,1,1,0
SC-01500,31,1.7,540.0,2210.0,18,154.52,0.2862,al dia,2,1,0
SC-03408,25,7.0,1250.0,4790.0,48,262.67,0.2101,al dia,1,1,0
SC-03893,41,15.1,1850.0,24390.0,48,1375.76,0.7437,al dia,0,0,1
SC-00278,42,11.7,1820.0,7130.0,24,414.06,0.2275,al dia,0,0,0
SC-01070,38,7.2,840.0,4300.0,60,273.45,0.3255,con atrasos,2,0,1
SC-01549,23,5.0,630.0,6690.0,36,356.57,0.566,al dia,4,0,1
SC-03066,29,4.2,1170.0,2300.0,18,157.24,0.1344,con atrasos,4,0,1
SC-01025,34,2.1,1550.0,6920.0,24,399.9,0.258,al dia,4,0,0
SC-01466,30,2.7,570.0,3180.0,24,184.16,0.3231,al dia,1,0,0
SC-02771,41,4.8,1280.0,2380.0,12,222.49,0.1738,sin historial,0,0,0
SC-00941,47,1.3,580.0,3910.0,24,231.55,0.3992,sin historial,3,0,1
SC-02835,32,8.8,800.0,7010.0,48,401.54,0.5019,al dia,4,0,0
SC-03492,47,11.2,1080.0,4900.0,48,273.24,0.253,al dia,1,1,0
SC-01467,52,6.1,1110.0,7060.0,24,422.81,0.3809,sin historial,1,0,0
SC-01324,42,1.3,1220.0,8410.0,18,578.17,0.4739,con atrasos,2,0,1
SC-02676,24,6.0,1120.0,3020.0,36,159.97,0.1428,sin historial,1,0,0
SC-01400,39,3.2,1170.0,8930.0,18,610.79,0.522,sin historial,4,1,0
SC-03281,26,5.0,600.0,4090.0,48,233.43,0.389,con atrasos,2,1,1
SC-01450,41,2.6,1040.0,6490.0,36,336.96,0.324,sin historial,0,0,0
SC-03209,40,6.8,480.0,1690.0,18,115.0,0.2396,al dia,0,0,0
SC-00907,41,8.4,1160.0,9950.0,36,523.92,0.4517,con atrasos,1,1,1
SC-03549,43,0.2,650.0,2190.0,24,129.33,0.199,al dia,3,1,1
SC-02612,42,3.4,890.0,2800.0,48,158.94,0.1786,sin historial,0,0,0
SC-01896,39,0.5,1060.0,4650.0,48,260.04,0.2453,sin historial,2,0,0
SC-00389,42,9.8,580.0,1330.0,18,91.99,0.1586,al dia,3,0,0
SC-02071,48,9.2,720.0,4590.0,24,274.03,0.3806,sin historial,2,0,0
SC-03114,31,3.1,980.0,4100.0,36,216.86,0.2213,al dia,1,0,1
SC-02173,21,3.0,840.0,3000.0,18,206.29,0.2456,al dia,0,0,1
SC-03140,35,5.5,770.0,4290.0,24,252.94,0.3285,al dia,2,1,0
SC-02822,32,6.5,560.0,1610.0,36,85.68,0.153,con atrasos,3,1,0
SC-00881,23,5.0,400.0,2330.0,48,133.13,0.3328,sin historial,2,0,1
SC-03625,52,5.2,1630.0,2340.0,36,123.03,0.0755,sin historial,1,0,0
SC-00051,48,0.9,1530.0,6590.0,36,354.98,0.232,sin historial,1,1,0
SC-01888,42,9.3,1840.0,3730.0,36,198.44,0.1078,al dia,4,1,0
SC-01703,22,1.8,580.0,1710.0,24,102.21,0.1762,al dia,3,0,0
SC-03949,27,3.6,910.0,3370.0,36,178.9,0.1966,con atrasos,1,0,1
SC-00134,26,6.2,1250.0,3550.0,60,225.6,0.1805,con atrasos,1,0,1
SC-01106,25,0.7,390.0,5110.0,12,484.19,0.85,sin historial,6,0,1
SC-00704,48,3.6,520.0,560.0,36,30.12,0.0579,al dia,2,0,0
SC-00483,44,3.3,270.0,880.0,24,52.41,0.1941,al dia,2,0,0
SC-01146,41,0.6,690.0,2320.0,36,122.91,0.1781,con atrasos,2,0,0
SC-02039,49,2.4,500.0,5000.0,60,327.61,0.6552,sin historial,4,0,1
SC-03896,41,4.2,570.0,1750.0,18,119.73,0.2101,al dia,1,0,0
SC-00067,34,10.8,1550.0,8990.0,24,533.13,0.344,al dia,0,1,1
SC-03687,21,3.0,640.0,3280.0,24,199.04,0.311,sin historial,2,0,1
SC-02782,31,2.7,450.0,1770.0,12,163.27,0.3628,sin historial,2,0,0
SC-02314,34,11.8,1100.0,5280.0,36,270.08,0.2455,al dia,1,0,0
SC-02850,40,1.3,1420.0,8040.0,24,458.97,0.3232,al dia,0,1,0
SC-03493,38,6.4,1090.0,11300.0,36,607.87,0.5577,al dia,1,0,0
SC-03104,27,3.3,320.0,1120.0,36,57.92,0.181,al dia,2,0,0
SC-00908,21,3.0,880.0,3940.0,24,237.07,0.2694,al dia,2,1,0
SC-00032,26,7.5,550.0,1770.0,18,123.39,0.2243,al dia,1,0,0
SC-02466,46,6.3,540.0,1620.0,18,113.41,0.21,sin historial,0,0,0
SC-02930,50,6.8,1560.0,3080.0,48,172.69,0.1107,con atrasos,0,0,0
SC-02681,37,1.4,390.0,1460.0,24,87.37,0.224,sin historial,3,0,0
SC-03766,41,0.5,1310.0,10830.0,18,744.14,0.568,sin historial,1,1,0
SC-00011,54,3.2,980.0,4970.0,24,289.84,0.2958,al dia,3,0,0
SC-00065,57,6.1,850.0,5130.0,24,305.31,0.3592,sin historial,2,1,0
SC-00777,67,15.5,1430.0,8740.0,18,605.53,0.4234,con atrasos,1,0,1
SC-00078,25,1.9,730.0,4170.0,18,294.81,0.4038,sin historial,0,0,0
SC-00492,44,5.1,1390.0,6290.0,60,397.98,0.2863,al dia,2,1,0
SC-03330,25,3.7,950.0,19490.0,48,1142.95,0.85,con atrasos,0,1,1
SC-03466,48,0.3,380.0,2400.0,18,168.3,0.4429,sin historial,4,0,1
SC-02581,40,8.9,800.0,3580.0,18,252.83,0.316,con atrasos,3,0,0
SC-02114,21,2.0,850.0,2330.0,48,128.89,0.1516,sin historial,3,0,0
SC-03655,49,9.6,1630.0,3740.0,24,221.6,0.136,con atrasos,1,0,0
SC-02345,21,3.0,840.0,2630.0,24,155.25,0.1848,al dia,0,0,0
SC-00592,30,8.7,1210.0,4890.0,12,456.2,0.377,con atrasos,2,0,0
SC-02816,27,9.0,910.0,1700.0,60,115.19,0.1266,con atrasos,2,0,0
SC-01286,39,3.1,890.0,5290.0,24,314.2,0.353,sin historial,1,1,1
SC-03329,45,7.1,1040.0,3270.0,12,307.47,0.2956,al dia,0,0,0
SC-00725,28,1.5,860.0,5830.0,18,402.68,0.4682,sin historial,2,0,1
SC-02675,52,3.2,1080.0,3700.0,36,190.93,0.1768,con atrasos,3,1,0
SC-03327,39,1.8,970.0,2710.0,24,162.45,0.1675,sin historial,3,0,0
SC-03932,31,2.7,390.0,1480.0,24,88.66,0.2273,sin historial,1,1,0
SC-01213,52,12.3,1000.0,3890.0,36,208.3,0.2083,al dia,2,0,1
SC-03865,50,1.8,680.0,990.0,36,50.25,0.0739,al dia,0,0,0
SC-02300,36,7.1,430.0,1130.0,24,65.55,0.1524,al dia,1,0,0
SC-03413,50,4.1,550.0,3620.0,18,254.53,0.4628,sin historial,1,1,0
SC-01638,50,0.7,1110.0,3500.0,60,224.26,0.202,al dia,2,0,0
SC-03798,56,2.1,670.0,950.0,36,52.6,0.0785,con atrasos,2,0,0
SC-03790,26,0.9,890.0,3530.0,36,180.74,0.2031,con atrasos,4,1,0
SC-03125,50,2.9,670.0,5090.0,24,300.38,0.4483,sin historial,4,0,0
SC-03887,25,7.0,690.0,3560.0,36,187.29,0.2714,al dia,1,0,0
SC-00983,39,4.6,1270.0,11640.0,12,1104.34,0.85,con atrasos,5,0,1
SC-03744,39,10.8,1390.0,4010.0,24,236.48,0.1701,con atrasos,1,0,0
SC-00707,38,7.7,620.0,3100.0,24,176.69,0.285,con atrasos,3,1,0
SC-02536,43,3.4,400.0,820.0,60,54.08,0.1352,sin historial,1,0,0
SC-01688,31,2.6,720.0,4010.0,48,231.83,0.322,sin historial,3,0,0
SC-03463,37,10.2,780.0,1940.0,18,130.98,0.1679,sin historial,0,0,0
SC-00274,37,4.3,510.0,1510.0,60,97.13,0.1904,sin historial,0,0,1
SC-01710,37,7.3,580.0,2450.0,36,135.15,0.233,al dia,2,0,0
SC-03440,35,2.1,730.0,1600.0,48,88.32,0.121,sin historial,1,0,0
SC-03630,45,9.8,540.0,2510.0,12,239.29,0.4431,al dia,2,0,0
SC-00964,21,3.0,510.0,2730.0,36,146.43,0.2871,sin historial,1,0,1
SC-02926,31,4.3,870.0,8240.0,60,531.52,0.6109,al dia,3,1,0
SC-03320,30,5.6,3230.0,7660.0,18,523.92,0.1622,al dia,0,0,0
SC-03789,38,13.2,1970.0,19650.0,12,1844.79,0.85,al dia,4,0,0
SC-03930,32,4.1,1390.0,5040.0,48,286.75,0.2063,al dia,1,1,0
SC-02460,51,5.3,600.0,1240.0,60,76.89,0.1281,sin historial,1,1,0
SC-03523,42,2.4,560.0,1400.0,18,98.72,0.1763,sin historial,2,0,0
SC-03380,21,3.0,780.0,3220.0,60,202.8,0.26,con atrasos,1,0,1
SC-01453,29,11.0,1900.0,15970.0,36,856.21,0.4506,al dia,1,1,0
SC-02716,38,2.2,1260.0,4880.0,36,250.83,0.1991,al dia,3,1,0
SC-00150,53,4.3,1740.0,3220.0,36,166.8,0.0959,con atrasos,0,0,0
SC-02693,21,3.0,870.0,2540.0,48,143.33,0.1647,sin historial,3,0,1
SC-02768,26,2.4,730.0,3430.0,48,193.39,0.2649,sin historial,1,0,0
SC-01758,43,6.7,910.0,7470.0,60,491.85,0.5405,al dia,2,1,0
SC-00219,44,1.7,1360.0,12770.0,24,741.65,0.5453,al dia,4,1,1
SC-00240,59,5.9,780.0,4430.0,36,243.11,0.3117,al dia,2,0,1
SC-01132,34,2.1,380.0,3150.0,36,174.11,0.4582,sin historial,1,1,0
SC-03914,45,2.7,480.0,1050.0,18,70.91,0.1477,al dia,0,0,0
SC-02841,41,15.5,2700.0,9460.0,24,563.82,0.2088,al dia,1,0,0
SC-02240,49,4.3,1330.0,3900.0,12,375.4,0.2823,con atrasos,1,1,0
SC-02382,72,2.7,2140.0,2400.0,48,133.27,0.0623,sin historial,1,0,0
SC-01254,54,8.0,780.0,1900.0,24,112.31,0.144,al dia,1,0,0
SC-01054,23,1.1,580.0,2130.0,60,133.84,0.2308,sin historial,0,0,0
SC-03011,46,5.9,730.0,2380.0,18,164.7,0.2256,sin historial,5,1,0
SC-01669,24,6.0,620.0,3760.0,24,219.43,0.3539,al dia,2,1,0
SC-03366,21,3.0,720.0,930.0,24,54.92,0.0763,sin historial,2,0,0
SC-03075,32,3.4,830.0,3680.0,24,217.23,0.2617,al dia,3,0,1
SC-03936,29,3.7,360.0,1670.0,36,89.25,0.2479,sin historial,0,1,0
SC-03610,47,3.2,1040.0,3890.0,36,207.8,0.1998,sin historial,0,0,0
SC-01358,56,4.0,510.0,2340.0,24,139.05,0.2727,con atrasos,1,0,1
SC-00776,23,1.6,910.0,5360.0,36,278.65,0.3062,al dia,3,1,0
SC-02631,21,3.0,540.0,2590.0,48,148.66,0.2753,al dia,1,1,0
SC-02833,37,9.0,1270.0,6380.0,12,599.32,0.4719,al dia,5,0,1
SC-03467,33,2.3,540.0,2050.0,24,117.82,0.2182,al dia,1,1,0
SC-00840,41,10.6,960.0,2990.0,48,164.45,0.1713,al dia,1,1,0
SC-00628,38,8.8,560.0,3380.0,24,202.86,0.3622,al dia,2,1,0
SC-00324,30,0.9,680.0,1410.0,48,77.86,0.1145,sin historial,1,1,0
SC-03601,34,5.9,1040.0,6230.0,60,397.02,0.3818,al dia,4,0,0
SC-03898,31,2.9,1450.0,5770.0,36,298.68,0.206,al dia,2,1,0
SC-01868,28,0.7,860.0,3050.0,24,184.7,0.2148,al dia,2,1,0
SC-01161,35,1.8,530.0,1980.0,36,105.62,0.1993,sin historial,0,0,0
SC-02827,32,5.5,830.0,1560.0,48,89.75,0.1081,al dia,4,0,0
SC-01077,21,3.0,710.0,3330.0,36,178.88,0.2519,al dia,3,0,1
SC-02988,30,2.3,1050.0,6890.0,36,372.05,0.3543,con atrasos,2,1,0
SC-00438,52,1.5,1240.0,6110.0,12,569.46,0.4592,sin historial,1,0,1
SC-00120,29,6.8,440.0,1650.0,12,155.37,0.3531,sin historial,3,0,1
SC-03502,47,3.0,1350.0,11800.0,24,689.08,0.5104,sin historial,0,0,1
SC-03587,60,5.8,780.0,1990.0,18,138.03,0.177,al dia,3,0,0
SC-03510,29,1.2,630.0,1500.0,24,87.14,0.1383,con atrasos,0,1,0
SC-01815,40,6.4,1010.0,2370.0,36,123.36,0.1221,al dia,2,0,0
SC-01840,27,9.0,430.0,810.0,24,48.92,0.1138,sin historial,2,0,0
SC-01027,46,5.4,450.0,1390.0,36,74.86,0.1664,sin historial,1,0,0
SC-03292,30,6.1,630.0,1920.0,48,113.2,0.1797,al dia,1,0,0
SC-00077,46,1.6,900.0,2120.0,12,196.83,0.2187,con atrasos,1,0,0
SC-03102,31,9.7,570.0,2130.0,36,108.81,0.1909,al dia,7,0,1
SC-00901,22,4.0,880.0,2500.0,36,135.2,0.1536,al dia,1,0,1
SC-00372,41,12.9,1370.0,18430.0,18,1264.42,0.85,con atrasos,3,1,0
SC-01205,45,10.7,960.0,19460.0,60,1241.33,0.85,al dia,1,0,1
SC-03568,40,5.7,490.0,2360.0,18,162.21,0.331,con atrasos,0,1,0
SC-03962,45,3.7,780.0,1500.0,36,82.76,0.1061,al dia,4,0,0
SC-00942,51,5.1,680.0,3240.0,60,206.25,0.3033,sin historial,2,0,0
SC-02626,41,5.6,870.0,3620.0,24,214.36,0.2464,al dia,2,0,0
SC-02868,35,1.5,680.0,2260.0,36,123.02,0.1809,sin historial,2,0,1
SC-00553,60,9.2,1690.0,9880.0,36,532.87,0.3153,sin historial,6,1,0
SC-00407,48,11.4,420.0,1970.0,24,115.71,0.2755,al dia,1,0,0
SC-02118,36,2.3,760.0,4710.0,48,268.54,0.3533,sin historial,1,0,1
SC-03293,21,3.0,540.0,4120.0,36,218.64,0.4049,al dia,2,0,1
SC-01614,31,2.5,790.0,1070.0,12,100.31,0.127,sin historial,3,0,0
SC-02935,43,2.9,420.0,2040.0,36,108.04,0.2572,con atrasos,1,0,0
SC-00969,43,4.0,970.0,3250.0,18,226.31,0.2333,sin historial,2,1,0
SC-02834,25,2.5,360.0,3230.0,24,193.28,0.5369,sin historial,2,0,1
SC-03487,38,5.7,1300.0,3280.0,18,224.39,0.1726,al dia,1,0,1
SC-03564,34,2.9,1050.0,4630.0,12,435.43,0.4147,sin historial,5,0,1
SC-02350,32,3.0,1270.0,12280.0,24,706.85,0.5566,sin historial,3,1,0
SC-01747,55,11.1,920.0,2550.0,36,138.26,0.1503,sin historial,2,0,0
SC-00690,30,3.7,530.0,1490.0,24,89.12,0.1681,al dia,1,0,0
SC-02861,39,8.5,700.0,2980.0,36,156.67,0.2238,con atrasos,2,1,0
SC-03110,39,1.9,1450.0,3730.0,36,197.21,0.136,sin historial,1,0,1
SC-01739,42,3.2,750.0,4260.0,36,230.17,0.3069,con atrasos,3,1,0
SC-00237,36,2.6,830.0,5140.0,36,275.22,0.3316,con atrasos,1,1,1
SC-03809,34,3.1,1190.0,10410.0,36,570.75,0.4796,al dia,1,1,0
SC-01987,37,2.0,460.0,1260.0,48,72.5,0.1576,con atrasos,0,0,0
SC-01984,32,9.4,1190.0,5830.0,24,352.62,0.2963,con atrasos,0,0,1
SC-03164,42,15.1,1140.0,4890.0,36,254.9,0.2236,al dia,4,1,0
SC-02843,21,3.0,240.0,510.0,36,26.79,0.1116,con atrasos,1,1,0
SC-00500,38,3.3,980.0,2290.0,12,216.64,0.2211,con atrasos,2,0,0
SC-00823,32,1.6,610.0,3910.0,24,228.64,0.3748,al dia,5,0,1
SC-03128,43,2.9,930.0,2400.0,36,125.12,0.1345,sin historial,1,0,0
SC-00795,39,6.7,520.0,1950.0,24,117.15,0.2253,sin historial,0,0,0
SC-03990,51,4.6,1230.0,5250.0,24,299.94,0.2439,al dia,3,0,0
SC-00991,28,4.3,350.0,1020.0,48,57.12,0.1632,al dia,3,0,0
SC-00568,38,4.9,1540.0,5460.0,18,376.87,0.2447,al dia,3,0,0
SC-02983,37,2.5,1070.0,5580.0,36,299.62,0.28,al dia,2,0,0
SC-02436,36,10.3,630.0,1930.0,24,115.78,0.1838,con atrasos,1,1,0
SC-00391,41,4.1,1040.0,7880.0,48,454.44,0.437,sin historial,1,1,0
SC-00744,30,6.3,310.0,500.0,24,28.73,0.0927,al dia,1,1,0
SC-02401,24,6.0,570.0,4160.0,24,239.23,0.4197,sin historial,4,1,0
SC-01218,39,7.1,910.0,6110.0,48,350.22,0.3849,con atrasos,3,0,0
SC-00236,30,3.0,650.0,1740.0,12,163.4,0.2514,al dia,0,0,0
SC-03672,30,3.7,810.0,3640.0,36,190.97,0.2358,al dia,2,0,1
SC-00481,41,5.0,750.0,1250.0,36,65.24,0.087,sin historial,1,1,0
SC-02043,45,3.9,970.0,3680.0,36,193.7,0.1997,al dia,0,0,0
SC-02616,24,2.5,710.0,2680.0,48,152.31,0.2145,al dia,3,0,0
SC-03189,39,4.2,1040.0,3160.0,36,162.62,0.1564,sin historial,4,1,0
SC-01678,42,1.0,1020.0,3450.0,18,238.37,0.2337,al dia,2,0,0
SC-03644,21,0.4,410.0,2460.0,12,230.33,0.5618,con atrasos,0,1,1
SC-03845,21,3.0,1240.0,2870.0,36,150.51,0.1214,sin historial,0,0,0
SC-03431,52,1.6,300.0,2660.0,36,139.95,0.4665,al dia,4,1,0
SC-03514,30,12.0,770.0,1940.0,36,105.46,0.137,al dia,4,0,0
SC-00121,38,5.6,1090.0,910.0,12,85.75,0.0787,sin historial,1,0,0
SC-03828,21,3.0,820.0,1830.0,36,100.42,0.1225,sin historial,3,0,0
SC-03073,21,3.0,540.0,620.0,48,36.39,0.0674,al dia,1,0,0
SC-03135,38,4.8,860.0,2080.0,48,116.74,0.1357,al dia,1,0,0
SC-01273,36,0.2,910.0,3340.0,12,311.63,0.3425,al dia,2,0,0
SC-00927,22,4.0,370.0,2210.0,36,118.32,0.3198,al dia,5,0,1
SC-02564,44,1.7,1130.0,1960.0,36,103.38,0.0915,sin historial,2,0,1
SC-01595,26,4.9,460.0,2120.0,36,117.57,0.2556,con atrasos,1,0,0
SC-00224,49,4.3,1130.0,3110.0,18,217.73,0.1927,sin historial,2,0,0
SC-00767,43,2.7,1150.0,5450.0,24,322.01,0.28,sin historial,2,0,0
SC-00614,33,8.5,630.0,3690.0,60,231.83,0.368,al dia,5,1,0
SC-02892,47,3.3,1670.0,11010.0,18,761.21,0.4558,sin historial,1,1,0
SC-01246,50,4.7,1140.0,4360.0,36,237.01,0.2079,al dia,1,0,0
SC-01541,39,3.3,1170.0,8040.0,18,559.34,0.4781,al dia,5,0,1
SC-00053,35,4.2,770.0,5850.0,24,351.79,0.4569,sin historial,2,1,0
SC-00530,47,10.2,1770.0,13090.0,24,787.86,0.4451,con atrasos,2,0,0
SC-02534,25,2.4,560.0,1660.0,36,87.3,0.1559,con atrasos,1,0,0
SC-01900,28,8.6,530.0,4810.0,48,269.05,0.5076,al dia,1,0,1
SC-03900,47,0.8,900.0,1810.0,24,106.47,0.1183,al dia,1,1,0
SC-00819,36,3.4,1140.0,5240.0,18,362.22,0.3177,sin historial,2,0,0
SC-00156,24,6.0,910.0,990.0,36,53.31,0.0586,al dia,3,0,0
SC-02649,27,7.7,380.0,1780.0,18,126.84,0.3338,al dia,6,0,0
SC-03830,44,2.5,1560.0,10500.0,48,636.65,0.4081,sin historial,5,1,0
SC-00249,36,12.5,1770.0,6150.0,24,363.3,0.2053,al dia,1,0,1
SC-00762,39,2.7,580.0,1920.0,36,102.6,0.1769,con atrasos,3,1,0
SC-01895,50,3.8,670.0,830.0,36,43.94,0.0656,con atrasos,1,0,0
SC-02030,33,9.4,950.0,2770.0,48,159.69,0.1681,al dia,3,0,0
SC-03806,49,9.6,860.0,2610.0,12,244.25,0.284,sin historial,3,1,0
SC-01131,35,10.1,820.0,7540.0,48,433.01,0.5281,con atrasos,2,0,1
SC-00543,38,5.0,910.0,3350.0,36,178.36,0.196,al dia,0,0,0
SC-00794,44,8.9,730.0,1370.0,12,129.23,0.177,con atrasos,1,0,0
SC-01726,29,3.0,1200.0,1730.0,60,112.4,0.0937,al dia,1,1,0
SC-03190,45,3.8,650.0,1580.0,60,105.06,0.1616,sin historial,1,0,0
SC-03784,49,4.5,1130.0,3900.0,60,244.57,0.2164,con atrasos,3,0,0
SC-00629,25,4.3,560.0,4640.0,48,263.26,0.4701,al dia,4,0,1
SC-02199,49,7.5,1780.0,16340.0,36,870.88,0.4893,con atrasos,5,1,0
SC-03600,47,2.8,710.0,1870.0,36,101.65,0.1432,sin historial,1,0,0
SC-02340,30,1.9,620.0,1690.0,18,118.71,0.1915,sin historial,1,0,0
SC-02430,45,10.7,590.0,1780.0,48,97.88,0.1659,sin historial,6,0,1
SC-03796,21,3.0,720.0,1170.0,12,110.48,0.1534,sin historial,3,0,0
SC-02735,57,1.2,1020.0,2690.0,24,156.64,0.1536,con atrasos,2,0,0
SC-01368,41,7.6,1010.0,1840.0,36,97.07,0.0961,al dia,2,1,0
SC-03273,36,0.5,570.0,2820.0,60,180.08,0.3159,con atrasos,3,1,0
SC-01621,36,4.9,1800.0,2860.0,12,273.75,0.1521,al dia,1,0,0
SC-02946,41,2.0,440.0,1960.0,18,134.42,0.3055,con atrasos,1,0,1
SC-03710,38,6.4,280.0,990.0,24,57.77,0.2063,sin historial,1,0,0
SC-02903,26,2.5,590.0,2890.0,12,267.49,0.4534,al dia,1,1,0
SC-01072,25,7.0,450.0,920.0,24,53.55,0.119,al dia,4,0,0
SC-00555,50,9.0,790.0,2700.0,24,155.81,0.1972,sin historial,6,0,1
SC-01829,39,5.3,460.0,1170.0,24,69.14,0.1503,sin historial,2,0,0
SC-00827,31,4.0,920.0,2900.0,24,170.89,0.1858,sin historial,4,0,0
SC-03993,31,9.6,460.0,3180.0,12,301.08,0.6545,con atrasos,2,0,1
SC-01985,49,1.4,770.0,1210.0,48,72.51,0.0942,sin historial,1,1,0
SC-03965,34,4.2,540.0,5230.0,24,308.67,0.5716,al dia,4,1,0
SC-01838,36,7.7,1040.0,9490.0,36,512.94,0.4932,con atrasos,4,0,0
SC-02940,34,5.4,650.0,2880.0,36,158.26,0.2435,al dia,0,1,0
SC-00536,31,12.1,3660.0,46180.0,36,2533.65,0.6923,al dia,0,1,0
SC-03558,32,1.8,480.0,1870.0,36,99.12,0.2065,con atrasos,1,0,1
SC-02664,38,4.6,1780.0,10710.0,48,623.67,0.3504,sin historial,3,0,0
SC-00155,25,7.0,730.0,1850.0,48,101.79,0.1394,al dia,2,0,0
SC-03242,37,4.6,590.0,2030.0,36,107.7,0.1825,al dia,1,1,0
SC-03428,21,1.5,530.0,1120.0,60,73.97,0.1396,sin historial,1,1,0
SC-03150,41,10.4,2050.0,7550.0,48,434.55,0.212,al dia,2,0,1
SC-02953,28,2.9,440.0,2300.0,60,148.17,0.3367,con atrasos,0,1,0
SC-03753,59,1.4,1200.0,4960.0,48,284.88,0.2374,sin historial,1,1,0
SC-00323,37,6.3,940.0,8370.0,24,491.76,0.5231,con atrasos,1,0,1
SC-01711,29,4.1,1580.0,1780.0,60,114.77,0.0726,con atrasos,1,0,0
SC-00015,49,5.5,550.0,1850.0,36,98.86,0.1797,con atrasos,3,0,1
SC-03331,50,2.0,620.0,1810.0,36,100.36,0.1619,sin historial,5,1,0
SC-01799,36,8.4,670.0,1910.0,12,176.66,0.2637,al dia,1,0,0
SC-03757,41,3.4,550.0,1570.0,60,99.75,0.1814,al dia,3,0,0
SC-00083,51,7.7,1100.0,13250.0,24,775.28,0.7048,al dia,2,0,1
SC-02561,47,0.5,1130.0,7360.0,18,521.68,0.4617,sin historial,2,0,1
SC-01944,59,4.7,2110.0,5740.0,18,389.7,0.1847,al dia,3,0,1
SC-01989,49,1.7,550.0,2960.0,36,156.03,0.2837,sin historial,4,0,0
SC-02673,36,6.4,1350.0,2950.0,36,150.92,0.1118,al dia,0,0,0
SC-01384,30,3.4,760.0,2210.0,36,119.81,0.1576,sin historial,1,1,0
SC-01575,33,4.5,490.0,1990.0,18,138.66,0.283,con atrasos,2,1,0
SC-02978,21,3.0,820.0,2580.0,12,242.29,0.2955,sin historial,3,1,1
SC-03591,46,9.7,830.0,3190.0,36,171.54,0.2067,al dia,1,1,0
SC-02059,30,5.1,580.0,1890.0,24,112.89,0.1946,con atrasos,2,1,0
SC-03835,42,4.4,1430.0,12930.0,48,731.72,0.5117,sin historial,3,0,1
SC-01495,47,2.8,730.0,3150.0,18,216.51,0.2966,al dia,1,0,0
SC-00832,32,5.3,330.0,990.0,24,58.96,0.1787,al dia,2,0,1
SC-02081,44,8.5,1440.0,8690.0,18,598.34,0.4155,al dia,3,0,0
SC-01175,43,3.1,1780.0,1990.0,12,183.94,0.1033,al dia,3,0,1
SC-00414,43,8.0,1010.0,8520.0,18,587.54,0.5817,con atrasos,2,0,1
SC-02629,45,5.9,1060.0,3730.0,24,224.5,0.2118,con atrasos,0,1,0
SC-01818,51,3.7,660.0,2800.0,18,196.25,0.2973,sin historial,0,0,0
SC-00166,42,4.0,430.0,1630.0,24,93.84,0.2182,al dia,2,0,1
SC-03426,42,14.2,1270.0,5220.0,18,362.58,0.2855,al dia,4,1,0
SC-03890,21,1.4,590.0,1540.0,48,85.22,0.1444,al dia,2,0,0
SC-00615,64,16.1,1530.0,6920.0,24,402.01,0.2627,al dia,1,1,0
SC-03094,41,10.0,2260.0,7240.0,36,387.0,0.1712,al dia,2,0,0
SC-01015,26,8.0,860.0,3720.0,24,220.35,0.2562,al dia,3,0,1
SC-02138,55,3.8,1140.0,5900.0,12,559.01,0.4904,con atrasos,2,1,0
SC-03667,31,1.7,840.0,2530.0,12,231.61,0.2757,sin historial,4,0,0
SC-03654,29,8.0,630.0,1530.0,48,83.36,0.1323,al dia,4,1,0
SC-02650,42,11.9,980.0,580.0,48,33.63,0.0343,al dia,1,0,0
SC-01238,44,4.5,500.0,1940.0,36,105.14,0.2103,al dia,1,1,0
SC-02182,60,7.3,1300.0,3050.0,18,207.85,0.1599,al dia,3,0,0
SC-00556,45,6.9,1570.0,16430.0,12,1564.36,0.85,sin historial,6,0,1
SC-03080,54,0.8,1440.0,3480.0,36,193.2,0.1342,al dia,0,0,0
SC-03516,45,6.6,1380.0,5930.0,48,336.05,0.2435,sin historial,0,0,0
SC-02369,33,7.0,700.0,7270.0,36,388.27,0.5547,al dia,2,0,1
SC-03743,32,7.0,1440.0,3660.0,48,209.61,0.1456,al dia,4,0,0
SC-01212,29,4.5,590.0,5300.0,36,281.58,0.4772,sin historial,4,0,0
SC-03708,26,8.0,580.0,2020.0,48,117.45,0.2025,al dia,0,0,0
SC-00635,50,5.2,630.0,4480.0,36,238.88,0.3792,al dia,1,0,1
SC-02601,28,5.4,1120.0,1650.0,18,115.67,0.1033,sin historial,1,0,0
SC-03377,49,9.4,1090.0,2720.0,36,146.86,0.1347,sin historial,1,0,0
SC-01056,51,5.2,1310.0,8810.0,48,507.73,0.3876,al dia,0,1,0
SC-02341,56,2.9,990.0,4450.0,24,256.35,0.2589,con atrasos,3,1,1
SC-01709,35,5.4,960.0,4610.0,36,251.19,0.2617,al dia,4,0,0
SC-00797,42,6.5,710.0,6190.0,36,340.94,0.4802,sin historial,1,1,1
SC-02991,21,1.9,400.0,1570.0,12,149.64,0.3741,al dia,3,0,0
SC-03313,44,3.2,580.0,1860.0,24,110.27,0.1901,al dia,3,0,0
SC-03698,40,0.8,600.0,4770.0,12,445.0,0.7417,sin historial,2,0,1
SC-00175,31,5.0,1060.0,3560.0,60,227.38,0.2145,sin historial,6,0,0
SC-02815,37,1.8,1350.0,6080.0,48,334.16,0.2475,al dia,3,0,0
SC-00246,35,0.8,730.0,5730.0,36,307.98,0.4219,sin historial,1,0,1
SC-01081,34,3.2,1000.0,5510.0,36,295.95,0.296,con atrasos,3,0,1
SC-01655,29,11.0,450.0,1190.0,18,81.23,0.1805,al dia,2,1,0
SC-03935,42,1.2,1440.0,6960.0,60,446.8,0.3103,sin historial,4,0,1
SC-00145,29,1.0,1000.0,5290.0,60,340.54,0.3405,sin historial,0,0,0
SC-00146,21,3.0,430.0,1110.0,12,102.7,0.2388,con atrasos,0,0,0
SC-00091,21,2.9,570.0,2390.0,24,135.21,0.2372,al dia,2,1,0
SC-00683,31,12.1,740.0,1940.0,24,119.25,0.1612,con atrasos,2,1,0
SC-00311,37,3.4,1880.0,3930.0,24,225.5,0.1199,sin historial,2,0,1
SC-00094,60,7.2,1120.0,15140.0,60,964.15,0.85,con atrasos,1,1,1
SC-03518,42,15.0,770.0,1700.0,24,102.27,0.1328,al dia,2,1,0
SC-01957,36,10.7,570.0,4360.0,18,300.2,0.5267,al dia,4,0,0
SC-00925,34,2.4,450.0,2160.0,12,206.06,0.4579,sin historial,3,0,1
SC-03650,42,3.9,620.0,3330.0,48,187.85,0.303,sin historial,2,0,0
SC-01910,29,2.6,670.0,3940.0,36,212.78,0.3176,al dia,4,0,0
SC-01036,21,3.0,320.0,750.0,36,40.03,0.1251,al dia,4,0,0
SC-01401,24,4.2,330.0,1220.0,60,75.96,0.2302,al dia,1,1,0
SC-02292,41,3.1,1220.0,18480.0,36,1017.29,0.8338,con atrasos,4,0,1
SC-01501,50,8.1,910.0,2120.0,36,114.22,0.1255,al dia,4,0,0
SC-03160,23,5.0,670.0,1240.0,60,79.79,0.1191,al dia,1,0,0
SC-02263,64,7.9,2690.0,21470.0,36,1161.24,0.4317,al dia,4,1,0
SC-01469,43,1.6,680.0,4670.0,36,252.19,0.3709,sin historial,0,1,0
SC-03246,44,2.4,1050.0,4970.0,18,351.59,0.3348,sin historial,2,0,0
SC-00999,21,3.0,1130.0,2390.0,24,138.81,0.1228,al dia,0,0,0
SC-00854,40,2.0,510.0,2790.0,36,148.83,0.2918,con atrasos,4,0,1
SC-02474,57,0.6,800.0,4690.0,18,323.22,0.404,sin historial,3,0,1
SC-02205,26,2.3,830.0,2740.0,24,159.7,0.1924,al dia,1,0,0
SC-01143,31,1.5,1460.0,1450.0,18,102.07,0.0699,sin historial,1,0,0
SC-01144,37,4.4,490.0,2790.0,48,158.61,0.3237,con atrasos,0,0,0
SC-02275,49,4.4,1710.0,11330.0,24,655.67,0.3834,al dia,2,1,0
SC-02945,26,1.4,800.0,2010.0,24,121.48,0.1518,con atrasos,1,1,0
SC-02049,21,3.0,380.0,500.0,18,34.35,0.0904,al dia,1,1,0
SC-00402,29,4.3,1550.0,9120.0,36,471.08,0.3039,con atrasos,3,1,0
SC-01104,57,15.1,960.0,3640.0,36,189.47,0.1974,al dia,1,0,0
SC-00085,39,2.3,780.0,6840.0,36,355.47,0.4557,sin historial,0,0,0
SC-02211,56,2.4,810.0,3090.0,24,184.12,0.2273,al dia,1,1,0
SC-03839,24,2.9,1000.0,4190.0,48,233.58,0.2336,sin historial,4,1,1
SC-00115,39,7.3,1220.0,7040.0,12,660.42,0.5413,con atrasos,2,1,0
SC-02719,28,5.2,520.0,3580.0,24,216.28,0.4159,sin historial,2,0,0
SC-03223,29,5.5,610.0,2090.0,18,145.55,0.2386,al dia,1,0,0
SC-03469,43,12.2,980.0,4290.0,36,222.25,0.2268,al dia,0,0,0
SC-03453,24,6.0,770.0,1760.0,18,123.59,0.1605,al dia,1,0,0
SC-01586,21,3.0,820.0,2860.0,36,153.76,0.1875,al dia,2,0,0
SC-03441,33,15.0,810.0,2660.0,60,169.46,0.2092,al dia,1,0,0
SC-01568,30,1.5,590.0,5110.0,36,267.7,0.4537,al dia,4,0,0
SC-02938,37,7.2,850.0,3210.0,36,166.64,0.1961,al dia,5,1,0
SC-01502,29,1.9,760.0,6270.0,12,594.18,0.7818,con atrasos,7,1,1
SC-01661,44,8.0,800.0,1400.0,24,83.64,0.1045,al dia,1,0,0
SC-01557,24,1.3,370.0,2480.0,60,160.24,0.4331,sin historial,4,1,0
SC-02008,21,3.0,810.0,3250.0,18,221.42,0.2734,al dia,1,0,1
SC-00626,21,3.0,810.0,3560.0,36,194.71,0.2404,sin historial,1,0,1
SC-01886,60,3.3,1380.0,4860.0,18,336.89,0.2441,al dia,2,1,0
SC-03947,46,3.5,610.0,2860.0,48,162.31,0.2661,sin historial,3,0,0
SC-01867,25,4.0,510.0,3600.0,24,211.52,0.4147,al dia,1,1,1
SC-00953,25,7.0,760.0,3000.0,36,158.5,0.2086,al dia,1,0,0
SC-02856,36,4.0,1100.0,10370.0,48,595.77,0.5416,sin historial,1,0,1
SC-02307,52,6.9,610.0,1610.0,36,83.17,0.1363,con atrasos,2,0,0
SC-00625,53,1.3,500.0,4070.0,24,248.1,0.4962,sin historial,3,1,1
SC-02875,47,9.1,820.0,4040.0,60,256.56,0.3129,con atrasos,2,0,1
SC-00235,22,1.7,540.0,1670.0,24,99.58,0.1844,al dia,1,1,0
SC-02184,23,2.3,640.0,3780.0,12,355.3,0.5552,con atrasos,4,0,0
SC-02665,21,3.0,500.0,3350.0,60,217.94,0.4359,al dia,3,0,0
SC-03268,36,4.1,690.0,1790.0,24,107.09,0.1552,sin historial,2,0,0
SC-02885,40,2.0,1080.0,1940.0,36,103.95,0.0963,sin historial,5,0,0
SC-02891,40,4.8,610.0,1630.0,18,112.99,0.1852,al dia,2,0,0
SC-02035,31,4.7,1440.0,6050.0,36,333.93,0.2319,con atrasos,2,1,1
SC-03008,46,2.9,760.0,2420.0,12,226.8,0.2984,al dia,1,0,0
SC-01827,22,4.0,750.0,3360.0,36,184.37,0.2458,sin historial,4,1,0
SC-03787,39,3.3,790.0,7570.0,60,481.16,0.6091,con atrasos,2,0,1
SC-02641,60,5.6,1500.0,1940.0,12,181.79,0.1212,al dia,1,0,0
SC-01315,35,10.4,960.0,2580.0,36,142.71,0.1487,al dia,0,0,0
SC-01526,36,1.9,880.0,5530.0,24,319.91,0.3635,al dia,5,0,1
SC-01563,49,7.3,790.0,2400.0,24,140.92,0.1784,al dia,2,0,0
SC-03340,43,0.2,720.0,4090.0,24,247.62,0.3439,al dia,2,0,1
SC-01753,31,2.3,470.0,1110.0,36,57.27,0.1219,sin historial,0,0,0
SC-01606,21,3.0,720.0,3350.0,18,230.28,0.3198,al dia,2,1,0
SC-00344,23,1.2,520.0,1490.0,12,139.02,0.2673,sin historial,2,0,0
SC-03952,46,13.5,1030.0,2140.0,48,118.91,0.1154,al dia,0,1,0
SC-03526,36,2.0,1310.0,7470.0,24,432.98,0.3305,sin historial,1,0,1
SC-02342,37,9.0,870.0,4520.0,24,263.8,0.3032,al dia,5,0,0
SC-02413,35,0.5,580.0,2540.0,12,239.28,0.4126,con atrasos,3,1,1
SC-02227,39,2.5,480.0,2350.0,24,139.25,0.2901,al dia,0,0,0
SC-02708,34,3.5,1630.0,1160.0,18,80.27,0.0492,al dia,2,0,0
SC-00997,61,11.8,820.0,4940.0,24,298.0,0.3634,al dia,3,1,0
SC-02063,36,4.1,640.0,5590.0,60,360.81,0.5638,al dia,0,0,1
SC-01111,21,3.0,690.0,1620.0,48,91.45,0.1325,al dia,1,0,0
SC-03443,21,3.0,670.0,4520.0,24,260.13,0.3883,al dia,2,1,0
SC-02214,40,5.4,890.0,4360.0,18,305.6,0.3434,al dia,1,1,0
SC-03204,28,7.3,990.0,2450.0,12,235.32,0.2377,sin historial,2,1,0
SC-01360,26,6.3,1000.0,9110.0,18,630.98,0.631,al dia,1,1,0
SC-02108,37,3.1,550.0,3320.0,24,198.94,0.3617,sin historial,2,0,1
SC-00710,47,0.8,1610.0,16980.0,60,1122.94,0.6975,con atrasos,2,1,1
SC-01879,25,7.0,950.0,2300.0,18,156.82,0.1651,al dia,1,0,0
SC-02725,27,3.8,370.0,2240.0,36,115.51,0.3122,al dia,4,1,0
SC-01379,29,8.9,620.0,920.0,48,51.32,0.0828,con atrasos,4,1,0
SC-02829,43,1.2,700.0,5880.0,12,546.67,0.781,al dia,2,1,0
SC-00425,39,2.5,580.0,2020.0,24,121.01,0.2086,sin historial,1,0,0
SC-00293,42,13.2,1860.0,5300.0,48,306.17,0.1646,con atrasos,1,1,0
SC-01066,61,0.9,1990.0,15370.0,24,914.4,0.4595,con atrasos,1,0,0
SC-02922,28,7.2,1540.0,6720.0,24,394.52,0.2562,al dia,1,0,0
SC-02378,38,1.7,570.0,1970.0,48,107.57,0.1887,con atrasos,3,0,1
SC-01639,65,11.6,1170.0,4940.0,48,275.79,0.2357,al dia,2,0,0
SC-02478,25,7.0,620.0,2010.0,12,187.46,0.3024,al dia,2,0,0
SC-01013,40,2.0,600.0,5330.0,36,287.99,0.48,con atrasos,2,0,0
SC-02128,36,8.1,530.0,4300.0,12,409.8,0.7732,al dia,3,0,1
SC-01718,26,2.4,950.0,6790.0,12,641.22,0.675,sin historial,3,0,1
SC-03101,38,18.5,880.0,9360.0,36,505.08,0.574,al dia,1,1,0
SC-00938,27,4.4,660.0,1840.0,18,128.14,0.1942,al dia,5,1,0
SC-00835,34,1.6,1110.0,6460.0,24,390.07,0.3514,al dia,4,0,0
SC-02798,24,1.6,1550.0,7470.0,36,398.59,0.2572,con atrasos,1,0,0
SC-02939,43,13.8,1550.0,4930.0,36,259.09,0.1672,al dia,2,1,0
SC-00255,36,2.3,750.0,2470.0,48,140.17,0.1869,al dia,3,0,0
SC-03704,60,2.4,920.0,3160.0,24,184.83,0.2009,sin historial,3,0,1
SC-01483,25,5.6,820.0,3350.0,36,174.46,0.2128,con atrasos,3,1,1
SC-03945,21,3.0,1190.0,2440.0,18,171.51,0.1441,al dia,3,1,0
SC-01408,32,5.1,540.0,2560.0,36,135.71,0.2513,sin historial,2,0,0
SC-03386,49,1.0,1050.0,3590.0,48,201.28,0.1917,sin historial,3,0,0
SC-03157,44,2.7,1750.0,6270.0,48,363.14,0.2075,sin historial,0,0,0
SC-03871,36,3.2,510.0,1330.0,36,70.76,0.1387,sin historial,2,0,1
SC-02185,45,3.1,800.0,3690.0,12,352.83,0.441,con atrasos,2,0,1
SC-03184,40,3.4,1000.0,7740.0,36,411.21,0.4112,sin historial,4,0,1
SC-03267,29,6.6,1190.0,2440.0,24,140.98,0.1185,sin historial,3,0,0
SC-02901,24,6.0,530.0,960.0,48,54.96,0.1037,al dia,1,0,0
SC-03251,43,4.7,520.0,1070.0,18,72.06,0.1386,al dia,0,0,0
SC-00724,30,5.0,360.0,1340.0,18,93.19,0.2589,con atrasos,2,0,1
SC-02908,35,17.0,960.0,4200.0,36,222.93,0.2322,al dia,2,0,0
SC-00970,30,2.0,600.0,1980.0,12,188.42,0.314,con atrasos,1,0,0
SC-00497,36,3.1,430.0,1130.0,36,60.52,0.1407,sin historial,2,0,0
SC-00951,35,7.5,960.0,2070.0,48,115.91,0.1207,al dia,1,1,0
SC-00806,32,9.3,760.0,2480.0,36,132.32,0.1741,al dia,4,0,0
SC-01830,43,5.9,920.0,3390.0,18,240.91,0.2619,al dia,2,0,0
SC-02178,48,1.4,980.0,2500.0,12,236.09,0.2409,al dia,2,1,0
SC-01740,45,3.9,1380.0,4170.0,24,244.86,0.1774,con atrasos,1,1,0
SC-00338,52,7.5,680.0,3780.0,48,218.09,0.3207,al dia,1,0,0
SC-00731,41,5.9,790.0,5290.0,36,271.98,0.3443,con atrasos,4,1,1
SC-00609,45,11.7,1130.0,2100.0,24,122.88,0.1087,al dia,1,0,0
SC-01149,34,1.5,390.0,740.0,48,41.89,0.1074,sin historial,2,0,1
SC-02244,26,8.0,630.0,4560.0,12,424.26,0.6734,al dia,1,1,0
SC-03299,30,2.9,800.0,2990.0,12,279.13,0.3489,con atrasos,2,0,1
SC-01714,33,8.2,460.0,1400.0,18,96.0,0.2087,al dia,3,0,0
SC-03341,33,5.6,520.0,910.0,36,47.58,0.0915,sin historial,4,0,0
SC-03964,48,3.6,1200.0,3060.0,60,199.04,0.1659,al dia,0,0,0
SC-00910,30,7.2,460.0,1680.0,60,109.06,0.2371,con atrasos,1,0,0
SC-02633,29,5.4,1070.0,4120.0,18,282.09,0.2636,al dia,2,0,0
SC-02152,40,3.0,980.0,2290.0,60,144.64,0.1476,sin historial,1,1,0
SC-02011,39,5.4,720.0,4210.0,18,286.63,0.3981,con atrasos,2,1,1
SC-02492,21,2.9,620.0,2750.0,24,164.71,0.2657,al dia,1,0,1
SC-03851,45,4.5,940.0,2290.0,36,124.03,0.1319,con atrasos,3,1,0
SC-01811,44,4.4,530.0,3950.0,24,230.72,0.4353,sin historial,2,1,0
SC-01995,21,3.0,1300.0,5900.0,48,339.8,0.2614,al dia,1,0,0
SC-00720,31,3.3,500.0,1310.0,36,70.14,0.1403,al dia,1,0,0
SC-02933,40,8.1,710.0,3690.0,48,213.61,0.3009,al dia,2,0,0
SC-02825,39,4.5,680.0,3610.0,24,212.4,0.3124,al dia,0,0,0
SC-01570,29,7.1,760.0,3760.0,60,239.23,0.3148,con atrasos,4,0,0
SC-02898,41,8.0,950.0,1170.0,18,82.03,0.0863,al dia,1,0,0
SC-02943,40,4.1,920.0,3360.0,48,184.7,0.2008,con atrasos,1,0,0
SC-02276,31,8.1,1070.0,6490.0,12,612.0,0.572,al dia,4,0,0
SC-00435,43,5.9,820.0,2420.0,12,228.73,0.2789,sin historial,2,0,0
SC-03374,22,4.0,390.0,780.0,18,54.61,0.14,con atrasos,5,1,0
SC-01300,49,2.2,570.0,3020.0,24,179.37,0.3147,al dia,0,0,0
SC-02175,42,4.8,370.0,1760.0,36,94.28,0.2548,sin historial,2,1,0
SC-00406,33,5.4,1420.0,3080.0,12,290.24,0.2044,al dia,4,0,0
SC-02824,46,1.5,560.0,1360.0,36,75.39,0.1346,con atrasos,2,0,0
SC-00822,26,6.7,1050.0,6070.0,36,324.97,0.3095,sin historial,1,1,0
SC-02760,27,2.9,560.0,2270.0,36,125.56,0.2242,sin historial,4,0,1
SC-01790,32,10.9,580.0,3490.0,18,241.7,0.4167,al dia,0,0,0
SC-03873,43,2.1,900.0,1600.0,36,89.21,0.0991,al dia,1,0,0
SC-03109,38,5.4,1050.0,4860.0,48,278.54,0.2653,al dia,1,0,0
SC-03212,35,5.0,420.0,3060.0,12,287.53,0.6846,al dia,6,0,1
SC-02352,21,3.0,590.0,5460.0,24,322.16,0.546,al dia,1,0,1
SC-02316,21,2.0,440.0,500.0,24,29.92,0.068,al dia,0,0,0
SC-01859,38,2.3,880.0,10250.0,48,579.39,0.6584,con atrasos,2,0,1
SC-01558,38,5.6,780.0,1990.0,24,114.6,0.1469,al dia,2,0,0
SC-00546,40,3.3,610.0,2900.0,36,154.44,0.2532,al dia,1,0,0
SC-00213,44,4.3,670.0,2880.0,36,155.1,0.2315,sin historial,0,0,1
SC-00897,45,5.6,1510.0,6240.0,24,369.93,0.245,al dia,1,0,1
SC-03541,29,6.4,770.0,4850.0,24,286.85,0.3725,al dia,3,0,0
SC-03271,24,0.8,270.0,1000.0,48,56.86,0.2106,sin historial,4,1,1
SC-01942,40,5.8,1140.0,8560.0,48,498.48,0.4373,sin historial,2,0,1
SC-01892,32,5.7,920.0,2670.0,12,254.31,0.2764,con atrasos,1,0,0
SC-00917,42,7.2,390.0,1980.0,18,138.88,0.3561,sin historial,3,0,1
SC-02724,45,1.6,390.0,1650.0,24,97.39,0.2497,al dia,1,1,0
SC-01290,21,2.3,570.0,1720.0,12,161.74,0.2838,al dia,1,0,0
SC-00815,37,1.4,330.0,1330.0,36,72.04,0.2183,sin historial,5,0,0
SC-01266,55,0.6,880.0,1060.0,18,72.14,0.082,con atrasos,2,0,0
SC-00343,21,3.0,610.0,2350.0,36,126.66,0.2076,sin historial,1,1,0
SC-02598,36,8.3,960.0,3080.0,36,166.02,0.1729,al dia,1,0,0
SC-01411,46,5.0,1780.0,3090.0,18,215.9,0.1213,con atrasos,1,0,0
SC-01215,30,5.6,320.0,930.0,36,50.32,0.1572,sin historial,1,1,0
SC-00967,33,4.0,610.0,1870.0,18,126.09,0.2067,al dia,1,0,0
SC-01231,49,3.9,1180.0,5420.0,12,509.81,0.432,al dia,2,0,1
SC-02344,48,12.4,2370.0,3470.0,48,202.16,0.0853,al dia,0,0,0
SC-00696,44,14.4,1850.0,4000.0,18,276.27,0.1493,al dia,1,0,0
SC-03501,21,0.9,370.0,510.0,36,27.74,0.075,sin historial,1,0,0
SC-02122,48,4.9,510.0,1850.0,24,110.5,0.2167,con atrasos,0,1,0
SC-00606,33,4.5,1540.0,3310.0,48,187.99,0.1221,sin historial,1,0,0
SC-00105,46,6.1,840.0,4060.0,48,236.16,0.2811,al dia,2,1,0
SC-00646,40,6.5,1490.0,9230.0,36,472.73,0.3173,con atrasos,0,1,0
SC-01405,40,3.9,970.0,2300.0,18,159.83,0.1648,al dia,1,0,0
SC-00495,35,7.2,430.0,2450.0,24,148.83,0.3461,sin historial,3,0,0
SC-03089,38,5.2,740.0,640.0,60,41.8,0.0565,al dia,0,0,0
SC-02488,28,4.1,550.0,3340.0,48,189.27,0.3441,al dia,4,0,1
SC-01020,21,2.8,550.0,3980.0,36,212.39,0.3862,al dia,3,0,0
SC-00092,34,8.4,620.0,1740.0,24,103.89,0.1676,al dia,1,0,0
SC-01113,51,7.2,700.0,2130.0,18,146.31,0.209,al dia,1,0,0
SC-03727,38,4.4,1050.0,3650.0,24,208.84,0.1989,al dia,3,0,0
SC-00909,41,0.8,210.0,500.0,36,27.21,0.1296,sin historial,2,0,0
SC-01475,30,4.5,1050.0,3540.0,48,195.77,0.1864,sin historial,1,0,0
SC-01742,35,5.3,1830.0,3520.0,36,188.01,0.1027,al dia,0,0,0
SC-02151,45,5.4,520.0,6170.0,24,367.98,0.7077,sin historial,3,0,1
SC-00239,46,4.5,2030.0,6060.0,36,327.22,0.1612,al dia,1,0,0
SC-03671,51,3.8,480.0,2550.0,18,174.16,0.3628,sin historial,0,0,0
SC-00943,31,4.5,400.0,570.0,60,35.87,0.0897,sin historial,1,1,0
SC-01271,34,9.1,630.0,1730.0,24,103.46,0.1642,sin historial,1,0,0
SC-00939,38,0.7,670.0,1050.0,24,62.07,0.0926,al dia,0,1,0
SC-01425,35,17.0,640.0,2030.0,18,139.53,0.218,al dia,3,0,0
SC-03230,26,4.3,230.0,650.0,24,38.72,0.1684,sin historial,0,0,0
SC-03552,32,7.4,440.0,2760.0,48,153.43,0.3487,al dia,1,0,0
SC-01863,37,4.6,740.0,4650.0,36,250.48,0.3385,al dia,0,1,1
SC-01670,43,7.5,590.0,1810.0,60,120.68,0.2045,con atrasos,3,0,0
SC-00006,39,1.5,700.0,2970.0,24,177.79,0.254,con atrasos,0,0,0
SC-00248,48,3.0,1130.0,6740.0,24,394.42,0.349,al dia,1,1,0
SC-03014,42,9.3,920.0,3470.0,48,195.88,0.2129,al dia,4,0,0
SC-00019,26,8.0,1260.0,14120.0,60,888.98,0.7055,con atrasos,3,0,1
SC-03479,31,8.1,1080.0,12590.0,24,753.18,0.6974,al dia,3,0,1
SC-02170,43,1.5,1320.0,6040.0,36,322.91,0.2446,al dia,2,1,0
SC-01971,30,5.5,990.0,3440.0,18,240.8,0.2432,al dia,2,0,0
SC-02710,38,4.3,1310.0,3420.0,24,195.72,0.1494,sin historial,2,0,0
SC-02233,48,3.0,530.0,2430.0,36,130.43,0.2461,sin historial,3,0,1
SC-02323,58,15.3,1550.0,2710.0,24,165.4,0.1067,con atrasos,1,0,0
SC-02482,33,2.6,1170.0,5450.0,36,293.42,0.2508,con atrasos,1,0,0
SC-00812,48,4.6,790.0,3950.0,36,216.78,0.2744,al dia,6,0,0
SC-01301,52,5.4,990.0,3990.0,48,228.18,0.2305,al dia,2,1,0
SC-01336,32,1.6,630.0,1360.0,36,71.83,0.114,al dia,2,0,0
SC-03852,25,7.0,530.0,2430.0,48,136.5,0.2575,al dia,3,1,0
SC-00261,25,7.0,460.0,630.0,36,33.75,0.0734,sin historial,3,1,0
SC-01805,38,1.1,680.0,2420.0,24,141.52,0.2081,sin historial,1,1,1
SC-01571,35,12.0,1770.0,2020.0,18,141.93,0.0802,con atrasos,2,1,1
SC-02230,37,7.8,790.0,6660.0,12,624.36,0.7903,al dia,2,0,0
SC-00185,40,3.0,460.0,2200.0,48,123.72,0.269,con atrasos,2,1,0
SC-02455,33,13.5,910.0,3540.0,24,208.7,0.2293,al dia,3,0,0
SC-01744,36,6.9,370.0,910.0,36,47.42,0.1282,al dia,2,0,0
SC-02914,42,6.3,850.0,2210.0,18,151.47,0.1782,al dia,1,1,0
SC-01631,39,5.5,1320.0,5810.0,60,367.25,0.2782,sin historial,1,0,0
SC-01717,41,3.7,1170.0,1940.0,48,106.53,0.0911,con atrasos,0,1,0
SC-00521,38,2.1,770.0,2270.0,18,155.87,0.2024,con atrasos,2,0,1
SC-03052,42,3.8,540.0,1850.0,24,110.46,0.2046,con atrasos,1,0,0
SC-02429,49,6.8,980.0,3670.0,18,254.39,0.2596,al dia,0,0,0
SC-02017,45,8.0,1250.0,1190.0,18,82.75,0.0662,con atrasos,1,0,0
SC-03483,43,9.9,1320.0,4620.0,48,267.05,0.2023,al dia,4,0,1
SC-01659,38,4.0,470.0,2780.0,48,156.66,0.3333,con atrasos,3,1,0
SC-03442,52,8.4,850.0,4190.0,48,247.26,0.2909,al dia,1,0,0
SC-03473,50,3.3,860.0,3950.0,36,208.37,0.2423,sin historial,2,1,0
SC-01613,26,3.6,750.0,1110.0,48,62.21,0.083,sin historial,4,0,0
SC-02476,32,10.7,720.0,3010.0,24,174.22,0.242,al dia,2,0,0
SC-02127,41,7.6,280.0,1390.0,60,87.45,0.3123,al dia,2,1,0
SC-03646,30,0.2,490.0,3120.0,24,181.44,0.3703,sin historial,2,0,1
SC-03058,27,3.8,540.0,4700.0,48,274.3,0.508,con atrasos,2,0,1
SC-03960,50,3.5,550.0,2560.0,36,138.34,0.2515,sin historial,3,0,0
SC-00608,33,3.1,1150.0,4670.0,18,321.28,0.2794,al dia,0,0,0
SC-00231,41,5.9,900.0,2580.0,36,141.63,0.1574,al dia,2,0,1
SC-03141,55,3.5,1020.0,2330.0,12,223.71,0.2193,sin historial,3,0,0
SC-00332,45,0.8,1380.0,5110.0,48,289.28,0.2096,sin historial,0,0,0
SC-03106,25,0.3,540.0,1230.0,12,114.38,0.2118,sin historial,4,1,0
SC-01441,46,0.6,720.0,1380.0,12,127.96,0.1777,al dia,4,0,1
SC-03563,46,7.3,860.0,1450.0,48,80.22,0.0933,sin historial,0,0,0
SC-03634,55,5.0,880.0,3930.0,18,266.48,0.3028,al dia,1,0,0
SC-01928,28,7.9,900.0,6020.0,24,353.9,0.3932,con atrasos,4,0,0
SC-01092,27,8.4,650.0,2960.0,60,194.05,0.2985,al dia,1,0,0
SC-03609,39,5.5,1230.0,11810.0,48,686.4,0.5581,al dia,0,0,1
SC-01102,41,4.9,770.0,1840.0,48,107.14,0.1391,al dia,0,0,0
SC-01130,53,2.2,730.0,3480.0,48,205.01,0.2808,sin historial,2,0,1
SC-03284,44,2.5,1150.0,2050.0,12,191.18,0.1662,con atrasos,3,0,0
SC-00462,35,9.2,960.0,7550.0,36,391.05,0.4073,sin historial,1,1,1
SC-00959,31,5.1,1060.0,12200.0,48,708.38,0.6683,sin historial,5,0,1
SC-01663,39,5.2,1220.0,3080.0,24,181.7,0.1489,con atrasos,4,0,1
SC-00560,42,6.5,1580.0,13450.0,18,931.08,0.5893,al dia,1,1,0
SC-02895,37,1.5,770.0,3710.0,36,197.8,0.2569,al dia,2,0,0
SC-02739,28,1.2,600.0,2910.0,36,150.5,0.2508,al dia,1,0,0
SC-03739,43,14.1,1020.0,6200.0,12,577.89,0.5666,al dia,4,1,1
SC-01520,42,1.9,720.0,1890.0,18,130.3,0.181,con atrasos,0,1,0
SC-02141,45,1.6,740.0,2460.0,24,144.4,0.1951,con atrasos,2,0,0
SC-03850,46,3.5,1040.0,7910.0,18,535.05,0.5145,sin historial,5,0,1
SC-02033,41,2.6,490.0,890.0,24,52.22,0.1066,sin historial,1,0,0
SC-02485,32,3.7,750.0,1230.0,48,70.91,0.0946,al dia,3,1,0
SC-02539,35,5.0,660.0,1360.0,36,73.34,0.1111,sin historial,1,0,0
SC-03986,37,19.0,2280.0,12840.0,36,693.29,0.3041,al dia,3,1,0
SC-02098,24,5.5,230.0,1640.0,12,154.13,0.6701,con atrasos,2,0,0
SC-03678,46,2.5,660.0,2100.0,24,125.91,0.1908,sin historial,4,0,0
SC-03436,42,5.0,920.0,2070.0,12,193.08,0.2099,al dia,0,0,0
SC-03781,21,3.0,2210.0,7050.0,36,379.64,0.1718,al dia,2,0,0
SC-00070,23,3.0,570.0,1750.0,24,102.62,0.18,al dia,2,0,1
SC-01573,49,2.0,520.0,3480.0,36,192.57,0.3703,sin historial,2,0,0
SC-00809,48,3.1,330.0,2310.0,60,152.33,0.4616,sin historial,4,1,0
SC-03233,31,1.1,530.0,1920.0,24,112.6,0.2125,sin historial,1,0,0
SC-00012,43,3.9,900.0,6170.0,24,362.7,0.403,al dia,4,0,1
SC-02026,52,5.2,1520.0,5920.0,60,384.44,0.2529,sin historial,3,0,0
SC-02193,32,6.2,1140.0,4030.0,48,225.72,0.198,al dia,1,1,0
SC-00918,40,4.6,1050.0,4180.0,24,248.87,0.237,al dia,1,0,1
SC-03590,35,2.7,730.0,2000.0,24,120.17,0.1646,al dia,3,1,0
SC-01452,41,2.7,680.0,1370.0,60,86.67,0.1275,sin historial,4,1,0
SC-02688,50,4.4,2260.0,7130.0,36,384.86,0.1703,al dia,2,0,0
SC-00177,33,3.8,960.0,3890.0,12,369.32,0.3847,con atrasos,6,0,1
SC-00995,22,4.0,630.0,2270.0,48,128.09,0.2033,sin historial,1,0,0
SC-02489,29,2.9,820.0,7070.0,36,377.98,0.4609,con atrasos,3,0,1
SC-02570,34,4.4,1230.0,8250.0,24,489.6,0.3981,sin historial,0,1,1
SC-03968,45,16.8,910.0,4790.0,36,259.96,0.2857,al dia,0,0,0
SC-03521,38,0.5,700.0,2950.0,36,167.28,0.239,sin historial,0,1,0
SC-03053,57,1.7,1730.0,7150.0,12,672.61,0.3888,al dia,2,1,0
SC-01256,47,6.6,350.0,1910.0,36,106.31,0.3037,con atrasos,2,0,1
SC-03283,43,3.2,840.0,3870.0,24,222.73,0.2652,sin historial,0,1,0
SC-01665,54,1.3,1460.0,7360.0,12,700.23,0.4796,sin historial,3,0,0
SC-02192,42,10.6,1020.0,6270.0,60,404.16,0.3962,al dia,3,0,1
SC-02802,33,2.9,460.0,4670.0,24,270.91,0.5889,con atrasos,3,1,1
SC-02568,21,3.0,940.0,3660.0,12,342.75,0.3646,al dia,2,1,1
SC-03992,34,2.0,570.0,1880.0,12,177.59,0.3116,sin historial,3,1,0
SC-03371,28,1.1,1330.0,5180.0,18,360.33,0.2709,sin historial,3,0,0
SC-02871,27,6.0,1210.0,4890.0,36,266.22,0.22,al dia,0,0,0
SC-01791,21,3.0,1880.0,18600.0,12,1752.56,0.85,al dia,2,0,1
SC-02477,44,15.2,2300.0,9460.0,36,500.76,0.2177,con atrasos,0,1,0
SC-02661,45,3.4,710.0,2440.0,36,130.31,0.1835,sin historial,2,0,0
SC-03554,43,6.4,880.0,5300.0,48,283.18,0.3218,con atrasos,4,1,0
SC-03081,57,3.5,730.0,4530.0,18,315.46,0.4321,con atrasos,4,1,0
SC-00157,43,7.4,1590.0,2180.0,24,130.22,0.0819,al dia,0,0,0
SC-02588,29,6.1,2340.0,14000.0,36,739.95,0.3162,con atrasos,2,1,1
SC-03579,41,3.7,850.0,4730.0,48,267.75,0.315,al dia,2,0,1
SC-01461,38,17.2,2410.0,9160.0,24,549.65,0.2281,al dia,2,1,0
SC-02047,21,3.0,570.0,1460.0,18,101.34,0.1778,al dia,1,0,0
SC-03339,33,0.5,630.0,2250.0,48,123.86,0.1966,sin historial,2,0,1
SC-01851,39,7.4,1190.0,8240.0,36,446.76,0.3754,sin historial,4,0,0
SC-02510,28,1.6,300.0,1350.0,18,92.85,0.3095,al dia,1,1,1
SC-02625,45,4.1,1120.0,21620.0,24,1237.08,0.85,con atrasos,0,1,1
SC-03411,61,7.0,740.0,5990.0,24,357.8,0.4835,con atrasos,3,1,0
SC-02304,37,2.1,680.0,1970.0,24,116.34,0.1711,sin historial,0,0,1
SC-03028,57,5.5,970.0,4600.0,18,318.97,0.3288,al dia,3,0,0
SC-02006,29,11.0,800.0,1320.0,12,124.96,0.1562,al dia,4,0,0
SC-01186,24,0.8,310.0,1490.0,36,81.02,0.2613,sin historial,1,1,0
SC-01007,30,8.2,1670.0,4030.0,48,232.14,0.139,al dia,1,1,0
SC-03570,50,5.9,590.0,1390.0,48,77.75,0.1318,con atrasos,2,0,0
SC-03738,36,6.0,1140.0,3060.0,36,158.38,0.1389,al dia,2,1,0
SC-00561,46,4.6,530.0,1880.0,36,99.53,0.1878,sin historial,0,1,0
SC-02257,26,1.3,270.0,600.0,36,32.17,0.1191,con atrasos,0,0,1
SC-00911,29,10.7,610.0,1390.0,36,75.57,0.1239,al dia,5,0,0
SC-01312,36,11.9,600.0,1880.0,48,107.71,0.1795,al dia,2,0,0
SC-02050,38,13.5,750.0,3670.0,60,236.08,0.3148,con atrasos,2,0,0
SC-03414,37,4.9,1100.0,1990.0,60,127.66,0.1161,sin historial,0,1,0
SC-00270,56,4.6,1060.0,9290.0,60,592.71,0.5592,al dia,4,0,1
SC-01994,33,10.8,1370.0,5820.0,36,310.91,0.2269,con atrasos,2,0,0
SC-00266,41,8.0,1890.0,2940.0,24,174.48,0.0923,al dia,2,0,0
SC-00915,48,3.5,1500.0,3450.0,48,190.4,0.1269,sin historial,0,1,0
SC-02279,42,19.5,1040.0,5730.0,18,397.71,0.3824,al dia,3,1,0
SC-02232,46,2.7,740.0,10950.0,36,570.32,0.7707,con atrasos,1,0,1
SC-03168,50,2.2,580.0,3270.0,18,226.39,0.3903,con atrasos,0,0,0
SC-03958,41,3.0,540.0,3770.0,24,220.92,0.4091,con atrasos,0,0,0
SC-02913,34,2.3,1810.0,9070.0,24,535.76,0.296,sin historial,1,0,0
SC-03115,23,5.0,540.0,1520.0,36,81.63,0.1512,al dia,2,0,0
SC-00874,41,1.7,830.0,2920.0,12,272.57,0.3284,con atrasos,3,1,0
SC-02094,29,6.6,390.0,1430.0,24,84.87,0.2176,al dia,2,1,0
SC-02447,54,7.8,1370.0,5020.0,18,347.17,0.2534,al dia,3,0,0
SC-00476,43,7.1,1080.0,1600.0,48,88.21,0.0817,con atrasos,5,0,0
SC-01653,25,7.0,990.0,7770.0,18,537.33,0.5428,al dia,6,0,1
SC-01961,48,7.6,1780.0,9550.0,36,492.72,0.2768,con atrasos,0,0,0
SC-00046,37,6.4,530.0,2590.0,12,243.46,0.4594,con atrasos,2,1,1
SC-00162,31,0.5,920.0,3860.0,60,249.17,0.2708,sin historial,1,1,0
SC-03040,51,3.4,1600.0,7370.0,24,426.46,0.2665,con atrasos,4,0,0
SC-02776,33,3.2,890.0,1250.0,24,75.34,0.0847,sin historial,0,0,0
SC-02678,24,5.6,840.0,5430.0,36,294.98,0.3512,sin historial,3,0,1
SC-00289,23,4.6,820.0,2490.0,60,154.91,0.1889,al dia,1,0,0
SC-03662,44,4.3,1330.0,1540.0,24,90.04,0.0677,al dia,0,1,0
SC-03108,41,2.0,1400.0,3370.0,36,183.8,0.1313,al dia,1,1,0
SC-03942,35,6.0,450.0,1930.0,24,114.75,0.255,sin historial,1,1,0
SC-01949,28,1.4,450.0,1600.0,18,110.76,0.2461,sin historial,4,0,0
SC-00576,42,7.5,1100.0,8790.0,12,807.25,0.7339,con atrasos,5,1,1
SC-00851,41,3.5,970.0,3530.0,36,186.97,0.1928,sin historial,3,1,0
SC-03388,25,2.5,320.0,1290.0,24,78.15,0.2442,sin historial,2,1,0
SC-00912,50,2.9,650.0,3050.0,24,183.38,0.2821,sin historial,1,1,1
SC-01255,21,3.0,840.0,2580.0,18,181.34,0.2159,sin historial,2,0,1
SC-01834,29,1.4,650.0,2490.0,24,146.35,0.2252,sin historial,2,0,0
SC-01723,39,2.2,640.0,3340.0,60,212.08,0.3314,al dia,2,0,0
SC-02134,46,3.7,1140.0,3240.0,24,189.63,0.1663,al dia,2,0,0
SC-01736,58,7.1,1240.0,4360.0,24,263.33,0.2124,sin historial,3,1,0
SC-00933,42,3.6,890.0,6420.0,18,438.79,0.493,al dia,1,0,0
SC-01101,41,3.1,840.0,3220.0,48,186.68,0.2222,con atrasos,1,0,0
SC-03706,22,4.0,240.0,500.0,60,31.15,0.1298,con atrasos,1,0,0
SC-01208,49,2.0,1040.0,3250.0,36,174.42,0.1677,sin historial,1,0,0
SC-02296,43,2.1,400.0,2280.0,36,119.07,0.2977,sin historial,0,0,0
SC-01844,48,12.4,790.0,5170.0,36,278.7,0.3528,al dia,2,1,0
SC-01849,39,1.7,620.0,1040.0,18,73.0,0.1177,al dia,3,1,0
SC-02525,48,7.5,740.0,5890.0,18,410.42,0.5546,sin historial,2,0,0
SC-01695,56,4.4,1180.0,2240.0,18,158.91,0.1347,al dia,1,0,0
SC-00086,53,3.0,700.0,7750.0,18,538.99,0.77,sin historial,3,1,1
SC-00470,27,2.4,450.0,2770.0,60,178.24,0.3961,con atrasos,3,0,1
SC-02274,24,4.5,250.0,980.0,36,50.06,0.2002,con atrasos,3,0,0
SC-02823,51,1.0,480.0,4410.0,36,248.76,0.5183,con atrasos,1,0,1
SC-02380,21,1.6,630.0,1730.0,48,96.85,0.1537,al dia,0,0,0
SC-00234,33,2.6,1690.0,3960.0,12,372.98,0.2207,al dia,1,1,0
SC-02637,28,3.0,770.0,19230.0,36,1017.17,0.85,al dia,2,1,1
SC-02524,54,3.4,530.0,2110.0,18,149.27,0.2817,al dia,3,1,0
SC-03333,55,3.5,850.0,4000.0,12,378.86,0.4457,sin historial,0,0,0
SC-03923,21,3.0,440.0,980.0,24,57.4,0.1304,con atrasos,2,1,0
SC-02648,34,1.5,590.0,3710.0,36,191.73,0.325,al dia,3,0,0
SC-02470,23,2.9,390.0,1020.0,36,54.22,0.139,al dia,4,0,0
SC-01712,39,3.5,370.0,3490.0,24,209.39,0.5659,con atrasos,4,0,1
SC-00183,41,4.5,1170.0,2100.0,36,114.92,0.0982,al dia,3,0,0
SC-00989,44,0.5,800.0,2980.0,24,172.51,0.2156,al dia,3,0,0
SC-01001,42,3.7,1410.0,1590.0,24,92.27,0.0654,al dia,4,1,0
SC-01642,24,2.3,650.0,3350.0,18,236.45,0.3638,sin historial,0,0,1
SC-01357,21,3.0,390.0,1570.0,36,84.92,0.2177,al dia,4,0,0
SC-01463,49,3.6,960.0,1170.0,12,110.08,0.1147,sin historial,1,1,0
SC-00050,34,5.5,870.0,1330.0,12,124.69,0.1433,al dia,1,0,0
SC-03859,33,8.1,860.0,2870.0,24,171.58,0.1995,con atrasos,0,0,0
SC-03078,58,4.5,880.0,4860.0,24,286.53,0.3256,al dia,3,1,0
SC-02578,32,5.3,480.0,2080.0,36,111.74,0.2328,al dia,2,0,1
SC-01259,32,5.7,1010.0,4700.0,24,284.03,0.2812,con atrasos,2,0,0
SC-00487,34,8.1,980.0,3680.0,60,237.21,0.242,sin historial,1,0,0
SC-03939,21,3.0,370.0,3280.0,36,178.82,0.4833,sin historial,4,0,1
SC-02546,38,3.3,900.0,2980.0,24,175.72,0.1952,sin historial,1,0,0
SC-01909,44,14.5,1390.0,6880.0,36,362.5,0.2608,al dia,2,1,0
SC-03695,47,4.1,840.0,5410.0,24,323.52,0.3851,al dia,1,1,0
SC-00107,52,5.3,2790.0,8690.0,36,478.29,0.1714,al dia,2,0,0
SC-00444,40,3.8,610.0,3070.0,48,178.73,0.293,al dia,0,0,0
SC-01955,55,5.5,1260.0,2280.0,36,121.74,0.0966,al dia,1,0,0
SC-03561,26,5.0,1030.0,2940.0,48,158.63,0.154,al dia,1,1,0
SC-00647,23,5.0,590.0,1390.0,36,74.87,0.1269,al dia,2,0,0
SC-03085,21,3.0,950.0,4580.0,18,320.35,0.3372,al dia,4,0,1
SC-01763,40,2.1,960.0,5300.0,18,375.11,0.3907,al dia,0,0,0
SC-00727,39,2.6,640.0,2290.0,36,124.8,0.195,sin historial,3,0,0
SC-02239,44,7.8,1020.0,2810.0,36,148.69,0.1458,al dia,2,1,0
SC-03837,39,1.7,780.0,2640.0,24,156.63,0.2008,sin historial,1,1,1
SC-01857,40,3.4,430.0,790.0,60,49.91,0.1161,sin historial,1,0,0
SC-02331,43,3.9,740.0,2490.0,60,158.46,0.2141,sin historial,1,0,1
SC-00030,40,9.1,660.0,4290.0,24,253.06,0.3834,sin historial,2,0,0
SC-00170,36,7.3,960.0,3830.0,24,227.5,0.237,al dia,3,0,0
SC-01002,27,0.4,730.0,1490.0,60,96.83,0.1326,sin historial,3,1,0
SC-03253,36,5.2,420.0,1780.0,12,168.3,0.4007,con atrasos,2,1,1
SC-02149,41,2.4,880.0,3300.0,48,184.39,0.2095,al dia,1,0,0
SC-00198,26,4.0,1290.0,4000.0,36,211.78,0.1642,al dia,0,0,0
SC-00496,44,6.1,930.0,1800.0,36,94.63,0.1018,al dia,1,0,0
SC-02027,23,5.0,490.0,1340.0,36,71.44,0.1458,al dia,2,1,0
SC-03794,38,3.5,550.0,1120.0,24,64.18,0.1167,sin historial,2,0,0
SC-00648,21,2.9,230.0,1520.0,12,139.57,0.6068,con atrasos,2,0,0
SC-03036,36,8.1,1130.0,23330.0,36,1282.08,0.85,con atrasos,3,0,1
SC-00045,50,5.1,1650.0,7430.0,36,379.99,0.2303,con atrasos,3,0,0
SC-03734,32,4.9,510.0,1410.0,24,83.81,0.1643,al dia,1,1,0
SC-02759,52,2.6,910.0,2890.0,12,268.81,0.2954,al dia,0,0,0
SC-00374,61,3.9,1270.0,5070.0,24,290.78,0.229,al dia,0,0,0
SC-00679,49,5.4,970.0,1910.0,36,103.08,0.1063,al dia,1,0,0
SC-00567,55,5.7,740.0,8300.0,36,443.9,0.5999,al dia,4,0,1
SC-03721,45,7.8,1110.0,3080.0,18,215.11,0.1938,al dia,1,1,0
SC-02896,31,7.6,1380.0,4430.0,24,257.99,0.1869,al dia,1,1,0
SC-00461,42,3.0,470.0,2860.0,18,198.54,0.4224,sin historial,0,1,0
SC-01933,31,6.7,1200.0,8820.0,24,524.42,0.437,al dia,0,1,1
SC-03486,34,3.3,1260.0,7540.0,24,450.18,0.3573,con atrasos,1,0,1
SC-01156,45,19.3,2170.0,14650.0,36,768.03,0.3539,con atrasos,3,0,0
SC-00040,39,8.7,960.0,4520.0,12,424.95,0.4427,sin historial,3,1,1
SC-02483,35,12.7,2040.0,18600.0,24,1089.94,0.5343,con atrasos,2,0,1
SC-00974,58,21.0,2140.0,5170.0,18,359.46,0.168,al dia,1,1,0
SC-03288,34,9.7,840.0,3710.0,36,194.3,0.2313,al dia,2,1,0
SC-03056,47,3.0,760.0,5040.0,36,263.46,0.3467,sin historial,4,0,0
SC-03628,35,4.3,550.0,1220.0,36,64.39,0.1171,al dia,1,0,0
SC-03639,21,3.0,480.0,1320.0,36,69.02,0.1438,con atrasos,1,0,0
SC-01787,28,7.2,450.0,2420.0,60,154.17,0.3426,al dia,3,0,0
SC-01499,31,11.8,830.0,5350.0,12,503.34,0.6064,al dia,3,0,0
SC-02505,33,4.2,1320.0,7110.0,60,455.85,0.3453,al dia,4,0,1
SC-01836,21,3.0,910.0,2040.0,36,106.54,0.1171,con atrasos,0,0,0
SC-02309,50,8.3,780.0,4160.0,36,216.33,0.2773,con atrasos,1,0,0
SC-01841,53,1.6,1240.0,4680.0,36,242.54,0.1956,con atrasos,2,0,1
SC-02084,51,9.0,2060.0,5640.0,60,359.5,0.1745,al dia,1,0,0
SC-00828,32,4.5,840.0,3380.0,48,180.16,0.2145,sin historial,1,0,0
SC-01936,61,6.0,1200.0,2340.0,24,135.58,0.113,sin historial,1,0,0
SC-02045,27,3.3,850.0,5720.0,60,367.22,0.432,al dia,2,0,0
SC-00310,48,6.1,630.0,4070.0,18,278.51,0.4421,al dia,2,0,0
SC-00277,52,1.2,780.0,1100.0,18,75.2,0.0964,al dia,3,0,0
SC-00637,30,4.2,470.0,1350.0,36,72.9,0.1551,sin historial,1,1,0
SC-00655,55,9.1,970.0,3180.0,18,221.54,0.2284,al dia,3,0,0
SC-00623,21,3.0,970.0,6670.0,60,408.02,0.4206,con atrasos,3,0,1
SC-01860,36,7.0,1080.0,5370.0,12,506.72,0.4692,sin historial,5,0,1
SC-00845,42,3.4,1030.0,3700.0,18,258.9,0.2514,con atrasos,1,0,0
SC-00394,34,2.9,970.0,2560.0,24,156.02,0.1608,al dia,0,0,0
SC-03818,41,8.6,460.0,1560.0,18,108.02,0.2348,al dia,2,0,0
SC-02156,53,1.5,1420.0,11240.0,24,665.9,0.4689,sin historial,1,0,1
SC-00350,35,2.4,380.0,1440.0,48,78.38,0.2063,sin historial,1,1,0
SC-02573,56,6.7,1070.0,8990.0,36,491.32,0.4592,al dia,5,0,1
SC-00785,32,3.2,480.0,2370.0,24,142.4,0.2967,sin historial,2,1,0
SC-00048,46,9.1,660.0,3430.0,48,198.45,0.3007,al dia,2,0,0
SC-01979,21,3.0,660.0,6740.0,48,391.35,0.5929,sin historial,4,1,1
SC-02252,27,2.3,270.0,930.0,24,52.62,0.1949,al dia,1,1,0
SC-03652,50,6.7,500.0,940.0,24,54.74,0.1095,al dia,2,0,0
SC-01656,48,0.7,1010.0,4300.0,36,231.55,0.2293,al dia,1,0,0
SC-02070,33,1.4,1200.0,8920.0,12,845.89,0.7049,sin historial,3,0,1
SC-00403,21,3.0,880.0,5740.0,60,371.04,0.4216,sin historial,3,0,0
SC-01108,44,5.8,1300.0,4380.0,36,233.98,0.18,al dia,1,0,1
SC-01155,23,2.8,510.0,5600.0,36,295.43,0.5793,al dia,0,0,0
SC-01440,40,2.6,1710.0,11700.0,12,1104.85,0.6461,con atrasos,2,0,1
SC-03978,30,8.2,960.0,1090.0,36,58.23,0.0607,al dia,0,1,0
SC-02002,61,5.7,1540.0,5300.0,36,282.23,0.1833,sin historial,2,0,0
SC-00990,43,12.5,380.0,1880.0,36,99.49,0.2618,al dia,0,1,0
SC-01866,36,13.4,1100.0,2840.0,24,164.76,0.1498,al dia,0,0,0
SC-02790,35,5.0,680.0,2330.0,24,133.79,0.1967,con atrasos,2,0,0
SC-03770,51,2.3,1030.0,7540.0,12,710.42,0.6897,al dia,4,0,1
SC-01311,38,2.1,690.0,2260.0,18,157.42,0.2281,sin historial,0,1,0
SC-03196,44,3.3,520.0,930.0,60,58.91,0.1133,sin historial,0,0,0
SC-00034,32,3.7,1040.0,8240.0,24,488.98,0.4702,con atrasos,1,0,1
SC-00788,31,8.6,970.0,4160.0,24,245.49,0.2531,con atrasos,1,0,0
SC-03589,43,0.5,920.0,2190.0,36,115.08,0.1251,sin historial,1,0,0
SC-02972,30,12.0,1380.0,4360.0,18,298.33,0.2162,al dia,1,1,0
SC-01044,51,3.9,660.0,2490.0,24,151.66,0.2298,al dia,2,1,0
SC-00482,33,2.6,1690.0,2410.0,24,140.46,0.0831,al dia,4,0,0
SC-01244,21,2.6,720.0,2060.0,12,194.47,0.2701,con atrasos,2,0,0
SC-02628,44,13.8,1020.0,3000.0,48,173.42,0.17,al dia,1,0,0
SC-02530,41,6.2,510.0,2150.0,24,127.23,0.2495,con atrasos,0,1,0
SC-00932,41,3.3,1090.0,2120.0,24,126.16,0.1157,sin historial,2,0,0
SC-02405,37,2.5,550.0,2000.0,24,118.4,0.2153,al dia,2,1,0
SC-01686,38,20.0,2200.0,16080.0,36,861.3,0.3915,al dia,2,1,0
SC-01249,31,5.8,940.0,1970.0,18,138.08,0.1469,con atrasos,1,1,0
SC-00760,36,5.2,760.0,1800.0,36,96.65,0.1272,al dia,6,1,0
SC-00093,39,4.9,570.0,2410.0,48,130.65,0.2292,al dia,0,1,0
SC-01176,40,1.1,950.0,5940.0,24,348.02,0.3663,sin historial,0,1,0
SC-01416,37,8.6,360.0,2700.0,24,155.13,0.4309,al dia,3,0,0
SC-01342,48,5.6,740.0,4390.0,36,239.48,0.3236,sin historial,4,0,1
SC-01473,48,1.3,380.0,500.0,48,27.68,0.0728,con atrasos,2,0,0
SC-02852,46,5.7,920.0,1340.0,48,74.31,0.0808,sin historial,1,1,0
SC-02794,45,5.7,720.0,2680.0,24,157.6,0.2189,sin historial,3,0,0
SC-03595,26,4.8,640.0,1160.0,36,60.34,0.0943,al dia,2,0,0
SC-02328,28,3.2,720.0,2490.0,18,172.79,0.24,sin historial,1,0,0
SC-01608,39,3.6,1160.0,1420.0,24,82.54,0.0712,con atrasos,0,1,0
SC-00765,60,11.3,1800.0,9440.0,24,564.81,0.3138,al dia,0,1,0
SC-02653,33,1.6,600.0,2540.0,12,240.11,0.4002,al dia,1,0,0
SC-03976,40,9.0,910.0,1440.0,24,85.28,0.0937,sin historial,3,0,0
SC-01374,39,10.0,1240.0,7390.0,36,385.71,0.3111,al dia,1,1,0
SC-01952,53,2.2,1550.0,8320.0,36,443.18,0.2859,al dia,1,1,0
SC-03447,63,5.3,1580.0,4730.0,24,279.66,0.177,sin historial,1,1,0
SC-02449,36,6.3,700.0,4180.0,12,389.37,0.5562,al dia,1,0,0
SC-01729,35,1.6,580.0,1890.0,24,110.75,0.1909,con atrasos,3,1,0
SC-00258,45,5.0,890.0,9550.0,36,516.86,0.5807,con atrasos,2,1,0
SC-00945,32,4.1,840.0,2980.0,36,158.23,0.1884,sin historial,1,1,0
SC-03924,41,1.6,380.0,1040.0,36,56.24,0.148,con atrasos,1,0,0
SC-03145,37,3.3,780.0,1920.0,36,105.67,0.1355,sin historial,1,0,0
SC-01220,53,6.6,1870.0,5720.0,36,312.01,0.1668,al dia,2,0,1
SC-03556,29,6.1,1290.0,6170.0,60,388.59,0.3012,con atrasos,5,0,1
SC-03928,40,6.0,710.0,810.0,36,43.24,0.0609,al dia,1,1,0
SC-01162,44,2.9,1190.0,3360.0,36,173.39,0.1457,al dia,1,0,0
SC-02543,30,0.7,1480.0,8950.0,60,555.75,0.3755,sin historial,1,0,0
SC-00773,30,4.1,500.0,1590.0,36,85.45,0.1709,al dia,2,1,0
SC-02599,46,13.5,870.0,14790.0,36,807.49,0.85,al dia,0,1,0
SC-01487,46,2.7,590.0,1720.0,12,160.09,0.2713,sin historial,0,0,0
SC-02250,39,2.9,1020.0,9330.0,48,521.59,0.5114,al dia,1,1,0
SC-00313,50,9.0,570.0,1120.0,24,68.23,0.1197,al dia,0,1,0
SC-00291,31,6.0,580.0,4480.0,60,281.32,0.485,sin historial,3,0,1
SC-03262,21,3.0,810.0,6710.0,12,641.19,0.7916,con atrasos,3,0,1
SC-00764,43,5.2,790.0,1420.0,18,97.21,0.1231,al dia,3,0,0
SC-03185,27,2.7,350.0,820.0,24,48.05,0.1373,sin historial,0,0,0
SC-02998,54,1.5,1100.0,8450.0,24,506.47,0.4604,sin historial,1,0,0
SC-00184,47,2.7,1210.0,11110.0,36,575.94,0.476,sin historial,4,1,1
SC-01177,43,7.4,750.0,5760.0,18,399.68,0.5329,al dia,4,1,0
SC-03897,47,3.3,690.0,1850.0,48,104.11,0.1509,sin historial,0,0,0
SC-01350,44,1.0,1420.0,12240.0,24,723.46,0.5095,sin historial,2,0,1
SC-03776,60,7.4,970.0,5390.0,48,301.97,0.3113,con atrasos,2,0,0
SC-03117,54,13.9,1030.0,2400.0,48,137.02,0.133,al dia,1,0,0
SC-03517,31,5.1,490.0,1160.0,36,61.99,0.1265,sin historial,2,0,0
SC-03860,53,4.0,500.0,1270.0,36,65.55,0.1311,con atrasos,1,0,1
SC-03079,45,8.0,600.0,1900.0,12,178.15,0.2969,al dia,0,0,0
SC-02299,24,6.0,780.0,4050.0,24,241.76,0.3099,sin historial,6,0,1
SC-02872,37,7.5,930.0,4660.0,48,253.56,0.2726,sin historial,2,1,0
SC-01100,49,2.1,750.0,4850.0,60,314.2,0.4189,al dia,4,0,0
SC-03585,62,8.0,630.0,2300.0,24,137.72,0.2186,al dia,1,1,0
SC-02989,32,8.0,1000.0,11530.0,36,609.55,0.6096,sin historial,2,0,1
SC-00392,37,13.0,1340.0,5560.0,18,379.75,0.2834,con atrasos,2,0,0
SC-01920,23,4.7,900.0,1820.0,60,118.91,0.1321,con atrasos,1,0,0
SC-01457,47,2.6,710.0,5410.0,48,305.38,0.4301,al dia,2,1,0
SC-01093,34,1.9,960.0,7380.0,24,440.97,0.4593,sin historial,2,0,1
SC-02023,24,6.0,870.0,2550.0,18,177.12,0.2036,con atrasos,0,0,0
SC-03240,36,1.9,410.0,2210.0,48,121.2,0.2956,con atrasos,2,0,1
SC-00905,36,2.6,1070.0,1720.0,18,119.01,0.1112,sin historial,1,0,0
SC-02779,41,13.9,2620.0,10070.0,36,541.2,0.2066,al dia,1,1,0
SC-02603,55,2.0,1730.0,2480.0,24,143.77,0.0831,con atrasos,1,1,0
SC-00367,47,0.7,1260.0,10670.0,12,1009.56,0.8012,con atrasos,1,0,1
SC-00346,40,3.9,380.0,2590.0,18,178.8,0.4705,al dia,2,1,0
SC-03657,36,4.8,340.0,1060.0,36,56.68,0.1667,sin historial,3,1,0
SC-02584,26,4.3,920.0,2020.0,24,117.43,0.1276,sin historial,2,0,0
SC-03471,28,3.0,880.0,2740.0,36,146.16,0.1661,al dia,2,0,0
SC-03258,35,1.9,710.0,3800.0,36,205.17,0.289,con atrasos,4,1,1
SC-01373,34,6.0,4120.0,21110.0,12,1974.96,0.4794,sin historial,1,0,1
SC-01640,26,4.5,430.0,850.0,18,58.47,0.136,al dia,2,0,1
SC-00920,59,1.7,700.0,13200.0,24,777.18,0.85,al dia,3,1,1
SC-00212,57,2.0,1250.0,1870.0,24,108.79,0.087,sin historial,5,0,0
SC-01604,36,3.4,750.0,2500.0,24,145.64,0.1942,al dia,0,0,0
SC-02551,36,3.0,630.0,2340.0,24,137.41,0.2181,al dia,2,0,0
SC-00538,21,1.0,330.0,1570.0,24,94.95,0.2877,sin historial,2,0,0
SC-01221,48,3.7,1770.0,7130.0,48,396.57,0.224,sin historial,3,0,0
SC-00176,31,4.1,470.0,1540.0,36,84.5,0.1798,al dia,0,1,0
